INSERT INTO streets (id, name) VALUES (0, 'Сокольническая линия');
INSERT INTO points (id, name, x, y) VALUES (0, 'Черкизовская', 55.803888888888885, 37.74472222222222);
INSERT INTO points (id, name, x, y) VALUES (2, 'Преображенская площадь', 55.796388888888885, 37.715);
INSERT INTO edges (point_from, point_to, street_id) VALUES (0, 2, 0);
INSERT INTO points (id, name, x, y) VALUES (3, 'Сокольники', 55.79111111111111, 37.678888888888885);
INSERT INTO edges (point_from, point_to, street_id) VALUES (2, 3, 0);
INSERT INTO points (id, name, x, y) VALUES (4, 'Красносельская', 55.78, 37.66722222222222);
INSERT INTO edges (point_from, point_to, street_id) VALUES (3, 4, 0);
INSERT INTO points (id, name, x, y) VALUES (5, 'Комсомольская', 55.77472222222222, 37.655);
INSERT INTO edges (point_from, point_to, street_id) VALUES (4, 5, 0);
INSERT INTO points (id, name, x, y) VALUES (6, 'Красные Ворота', 55.76888888888889, 37.64861111111111);
INSERT INTO edges (point_from, point_to, street_id) VALUES (5, 6, 0);
INSERT INTO points (id, name, x, y) VALUES (7, 'Чистые пруды', 55.76583333333333, 37.638888888888886);
INSERT INTO edges (point_from, point_to, street_id) VALUES (6, 7, 0);
INSERT INTO points (id, name, x, y) VALUES (8, 'Лубянка', 55.75972222222222, 37.62722222222222);
INSERT INTO edges (point_from, point_to, street_id) VALUES (7, 8, 0);
INSERT INTO points (id, name, x, y) VALUES (9, 'Охотный Ряд', 55.757777777777775, 37.61666666666667);
INSERT INTO edges (point_from, point_to, street_id) VALUES (8, 9, 0);
INSERT INTO points (id, name, x, y) VALUES (10, 'Библиотека им. Ленина', 55.75111111111111, 37.61);
INSERT INTO edges (point_from, point_to, street_id) VALUES (9, 10, 0);
INSERT INTO points (id, name, x, y) VALUES (11, 'Кропоткинская', 55.74527777777778, 37.603611111111114);
INSERT INTO edges (point_from, point_to, street_id) VALUES (10, 11, 0);
INSERT INTO points (id, name, x, y) VALUES (12, 'Парк культуры', 55.73583333333333, 37.59138888888889);
INSERT INTO edges (point_from, point_to, street_id) VALUES (11, 12, 0);
INSERT INTO points (id, name, x, y) VALUES (13, 'Фрунзенская', 55.72666666666667, 37.578611111111115);
INSERT INTO edges (point_from, point_to, street_id) VALUES (12, 13, 0);
INSERT INTO points (id, name, x, y) VALUES (14, 'Спортивная', 55.723333333333336, 37.56388888888888);
INSERT INTO edges (point_from, point_to, street_id) VALUES (13, 14, 0);
INSERT INTO points (id, name, x, y) VALUES (15, 'Воробьёвы горы', 55.71027777777778, 37.55916666666666);
INSERT INTO edges (point_from, point_to, street_id) VALUES (14, 15, 0);
INSERT INTO points (id, name, x, y) VALUES (16, 'Университет', 55.692499999999995, 37.53333333333333);
INSERT INTO edges (point_from, point_to, street_id) VALUES (15, 16, 0);
INSERT INTO points (id, name, x, y) VALUES (17, 'Проспект Вернадского', 55.67833333333333, 37.50388888888889);
INSERT INTO edges (point_from, point_to, street_id) VALUES (16, 17, 0);
INSERT INTO points (id, name, x, y) VALUES (18, 'Юго- Западная', 55.66361111111111, 37.483333333333334);
INSERT INTO edges (point_from, point_to, street_id) VALUES (17, 18, 0);
INSERT INTO points (id, name, x, y) VALUES (19, 'Тропарёво', 55.645833333333336, 37.472500000000004);
INSERT INTO edges (point_from, point_to, street_id) VALUES (18, 19, 0);
INSERT INTO points (id, name, x, y) VALUES (20, 'Румянцево', 55.63305555555556, 37.44194444444444);
INSERT INTO edges (point_from, point_to, street_id) VALUES (19, 20, 0);
INSERT INTO points (id, name, x, y) VALUES (21, 'Саларьево', 55.621944444444445, 37.424166666666665);
INSERT INTO edges (point_from, point_to, street_id) VALUES (20, 21, 0);
INSERT INTO points (id, name, x, y) VALUES (22, 'Филатов Луг', 55.60138888888889, 37.407777777777774);
INSERT INTO edges (point_from, point_to, street_id) VALUES (21, 22, 0);
INSERT INTO points (id, name, x, y) VALUES (23, 'Прокшино', 55.586111111111116, 37.43388888888889);
INSERT INTO edges (point_from, point_to, street_id) VALUES (22, 23, 0);
INSERT INTO points (id, name, x, y) VALUES (24, 'Ольховая', 55.56861111111112, 37.45944444444445);
INSERT INTO edges (point_from, point_to, street_id) VALUES (23, 24, 0);
INSERT INTO points (id, name, x, y) VALUES (25, 'Коммунарка', 55.56027777777778, 37.468333333333334);
INSERT INTO edges (point_from, point_to, street_id) VALUES (24, 25, 0);
INSERT INTO streets (id, name) VALUES (1, 'Замоскворецкая линия');
INSERT INTO points (id, name, x, y) VALUES (26, 'Ховрино', 55.87888888888889, 37.481388888888894);
INSERT INTO points (id, name, x, y) VALUES (27, 'Беломорская', 55.865833333333335, 37.47638888888889);
INSERT INTO edges (point_from, point_to, street_id) VALUES (26, 27, 1);
INSERT INTO points (id, name, x, y) VALUES (28, 'Речной вокзал', 55.855000000000004, 37.476111111111116);
INSERT INTO edges (point_from, point_to, street_id) VALUES (27, 28, 1);
INSERT INTO points (id, name, x, y) VALUES (29, 'Водный стадион', 55.83972222222222, 37.486666666666665);
INSERT INTO edges (point_from, point_to, street_id) VALUES (28, 29, 1);
INSERT INTO points (id, name, x, y) VALUES (30, 'Войковская', 55.81888888888889, 37.49805555555556);
INSERT INTO edges (point_from, point_to, street_id) VALUES (29, 30, 1);
INSERT INTO points (id, name, x, y) VALUES (31, 'Сокол', 55.805, 37.515277777777776);
INSERT INTO edges (point_from, point_to, street_id) VALUES (30, 31, 1);
INSERT INTO points (id, name, x, y) VALUES (32, 'Аэропорт', 55.80027777777777, 37.532777777777774);
INSERT INTO edges (point_from, point_to, street_id) VALUES (31, 32, 1);
INSERT INTO points (id, name, x, y) VALUES (33, 'Динамо', 55.78972222222222, 37.558055555555555);
INSERT INTO edges (point_from, point_to, street_id) VALUES (32, 33, 1);
INSERT INTO points (id, name, x, y) VALUES (34, 'Белорусская', 55.77638888888889, 37.58444444444444);
INSERT INTO edges (point_from, point_to, street_id) VALUES (33, 34, 1);
INSERT INTO points (id, name, x, y) VALUES (35, 'Маяковская', 55.769999999999996, 37.59583333333334);
INSERT INTO edges (point_from, point_to, street_id) VALUES (34, 35, 1);
INSERT INTO points (id, name, x, y) VALUES (36, 'Тверская', 55.764722222222225, 37.60638888888889);
INSERT INTO edges (point_from, point_to, street_id) VALUES (35, 36, 1);
INSERT INTO points (id, name, x, y) VALUES (37, 'Театральная', 55.757777777777775, 37.61888888888889);
INSERT INTO edges (point_from, point_to, street_id) VALUES (36, 37, 1);
INSERT INTO points (id, name, x, y) VALUES (38, 'Новокузнецкая', 55.74138888888889, 37.629444444444445);
INSERT INTO edges (point_from, point_to, street_id) VALUES (37, 38, 1);
INSERT INTO points (id, name, x, y) VALUES (39, 'Павелецкая', 55.73166666666667, 37.63777777777778);
INSERT INTO edges (point_from, point_to, street_id) VALUES (38, 39, 1);
INSERT INTO points (id, name, x, y) VALUES (41, 'Технопарк', 55.693888888888885, 37.66444444444444);
INSERT INTO points (id, name, x, y) VALUES (42, 'Коломенская', 55.67861111111111, 37.663888888888884);
INSERT INTO edges (point_from, point_to, street_id) VALUES (41, 42, 1);
INSERT INTO points (id, name, x, y) VALUES (43, 'Каширская', 55.655, 37.64861111111111);
INSERT INTO edges (point_from, point_to, street_id) VALUES (42, 43, 1);
INSERT INTO points (id, name, x, y) VALUES (44, 'Кантемировская', 55.63583333333333, 37.656388888888884);
INSERT INTO edges (point_from, point_to, street_id) VALUES (43, 44, 1);
INSERT INTO points (id, name, x, y) VALUES (45, 'Царицыно', 55.62138888888889, 37.669444444444444);
INSERT INTO edges (point_from, point_to, street_id) VALUES (44, 45, 1);
INSERT INTO points (id, name, x, y) VALUES (46, 'Орехово', 55.61333333333334, 37.69499999999999);
INSERT INTO edges (point_from, point_to, street_id) VALUES (45, 46, 1);
INSERT INTO points (id, name, x, y) VALUES (47, 'Домодедовская', 55.61083333333333, 37.718611111111116);
INSERT INTO edges (point_from, point_to, street_id) VALUES (46, 47, 1);
INSERT INTO points (id, name, x, y) VALUES (48, 'Красногвардейская', 55.61361111111111, 37.74444444444445);
INSERT INTO edges (point_from, point_to, street_id) VALUES (47, 48, 1);
INSERT INTO points (id, name, x, y) VALUES (49, 'Алма-Атинская', 55.6325, 37.76611111111111);
INSERT INTO edges (point_from, point_to, street_id) VALUES (48, 49, 1);
INSERT INTO streets (id, name) VALUES (2, 'Арбатско-Покровская линия');
INSERT INTO points (id, name, x, y) VALUES (50, 'Пятницкое шоссе', 55.85638888888889, 37.35444444444445);
INSERT INTO points (id, name, x, y) VALUES (51, 'Митино', 55.84583333333334, 37.36222222222222);
INSERT INTO edges (point_from, point_to, street_id) VALUES (50, 51, 2);
INSERT INTO points (id, name, x, y) VALUES (52, 'Волоколамская', 55.83527777777778, 37.382222222222225);
INSERT INTO edges (point_from, point_to, street_id) VALUES (51, 52, 2);
INSERT INTO points (id, name, x, y) VALUES (53, 'Мякинино', 55.82527777777778, 37.38527777777778);
INSERT INTO edges (point_from, point_to, street_id) VALUES (52, 53, 2);
INSERT INTO points (id, name, x, y) VALUES (54, 'Строгино', 55.803888888888885, 37.403055555555554);
INSERT INTO edges (point_from, point_to, street_id) VALUES (53, 54, 2);
INSERT INTO points (id, name, x, y) VALUES (55, 'Крылатское', 55.75666666666667, 37.408055555555556);
INSERT INTO edges (point_from, point_to, street_id) VALUES (54, 55, 2);
INSERT INTO points (id, name, x, y) VALUES (56, 'Молодёжная', 55.740833333333335, 37.416666666666664);
INSERT INTO edges (point_from, point_to, street_id) VALUES (55, 56, 2);
INSERT INTO points (id, name, x, y) VALUES (57, 'Кунцевская', 55.72888888888889, 37.44611111111111);
INSERT INTO edges (point_from, point_to, street_id) VALUES (56, 57, 2);
INSERT INTO points (id, name, x, y) VALUES (58, 'Славянский бульвар', 55.72972222222222, 37.470555555555556);
INSERT INTO edges (point_from, point_to, street_id) VALUES (57, 58, 2);
INSERT INTO points (id, name, x, y) VALUES (59, 'Парк Победы', 55.736111111111114, 37.51833333333333);
INSERT INTO edges (point_from, point_to, street_id) VALUES (58, 59, 2);
INSERT INTO points (id, name, x, y) VALUES (60, 'Киевская', 55.74472222222222, 37.565555555555555);
INSERT INTO edges (point_from, point_to, street_id) VALUES (59, 60, 2);
INSERT INTO points (id, name, x, y) VALUES (61, 'Смоленская', 55.74888888888889, 37.5825);
INSERT INTO edges (point_from, point_to, street_id) VALUES (60, 61, 2);
INSERT INTO points (id, name, x, y) VALUES (62, 'Арбатская', 55.751666666666665, 37.600833333333334);
INSERT INTO edges (point_from, point_to, street_id) VALUES (61, 62, 2);
INSERT INTO points (id, name, x, y) VALUES (63, 'Площадь Революции', 55.75666666666667, 37.62166666666667);
INSERT INTO edges (point_from, point_to, street_id) VALUES (62, 63, 2);
INSERT INTO points (id, name, x, y) VALUES (64, 'Курская', 55.75694444444444, 37.659444444444446);
INSERT INTO edges (point_from, point_to, street_id) VALUES (63, 64, 2);
INSERT INTO points (id, name, x, y) VALUES (65, 'Бауманская', 55.77305555555555, 37.68055555555555);
INSERT INTO edges (point_from, point_to, street_id) VALUES (64, 65, 2);
INSERT INTO points (id, name, x, y) VALUES (66, 'Электрозаводская', 55.780277777777776, 37.70305555555556);
INSERT INTO edges (point_from, point_to, street_id) VALUES (65, 66, 2);
INSERT INTO points (id, name, x, y) VALUES (67, 'Семёновская', 55.78333333333333, 37.72083333333334);
INSERT INTO edges (point_from, point_to, street_id) VALUES (66, 67, 2);
INSERT INTO points (id, name, x, y) VALUES (68, 'Партизанская', 55.78861111111111, 37.75055555555556);
INSERT INTO edges (point_from, point_to, street_id) VALUES (67, 68, 2);
INSERT INTO points (id, name, x, y) VALUES (69, 'Измайловская', 55.78777777777778, 37.78138888888889);
INSERT INTO edges (point_from, point_to, street_id) VALUES (68, 69, 2);
INSERT INTO points (id, name, x, y) VALUES (70, 'Первомайская', 55.79472222222222, 37.799166666666665);
INSERT INTO edges (point_from, point_to, street_id) VALUES (69, 70, 2);
INSERT INTO points (id, name, x, y) VALUES (71, 'Щёлковская', 55.809444444444445, 37.79861111111111);
INSERT INTO edges (point_from, point_to, street_id) VALUES (70, 71, 2);
INSERT INTO streets (id, name) VALUES (3, 'филёвская линия');
INSERT INTO points (id, name, x, y) VALUES (72, 'Александровский сад', 55.7525, 37.60888888888889);
INSERT INTO points (id, name, x, y) VALUES (73, 'Арбатская', 55.751666666666665, 37.600833333333334);
INSERT INTO edges (point_from, point_to, street_id) VALUES (72, 73, 3);
INSERT INTO points (id, name, x, y) VALUES (74, 'Смоленская', 55.74888888888889, 37.5825);
INSERT INTO edges (point_from, point_to, street_id) VALUES (73, 74, 3);
INSERT INTO points (id, name, x, y) VALUES (75, 'Киевская', 55.74472222222222, 37.565555555555555);
INSERT INTO edges (point_from, point_to, street_id) VALUES (74, 75, 3);
INSERT INTO points (id, name, x, y) VALUES (76, 'Выставочная', 55.75, 37.54111111111111);
INSERT INTO edges (point_from, point_to, street_id) VALUES (75, 76, 3);
INSERT INTO points (id, name, x, y) VALUES (77, 'Международная', 55.748333333333335, 37.53388888888889);
INSERT INTO edges (point_from, point_to, street_id) VALUES (76, 77, 3);
INSERT INTO points (id, name, x, y) VALUES (78, 'Студенческая', 55.73888888888889, 37.54833333333333);
INSERT INTO edges (point_from, point_to, street_id) VALUES (75, 78, 3);
INSERT INTO points (id, name, x, y) VALUES (80, 'Фили', 55.74611111111111, 37.515);
INSERT INTO points (id, name, x, y) VALUES (81, 'Багратионовская', 55.74388888888889, 37.49777777777778);
INSERT INTO edges (point_from, point_to, street_id) VALUES (80, 81, 3);
INSERT INTO points (id, name, x, y) VALUES (82, 'Филёвский парк', 55.73972222222222, 37.483333333333334);
INSERT INTO edges (point_from, point_to, street_id) VALUES (81, 82, 3);
INSERT INTO points (id, name, x, y) VALUES (83, 'Пионерская', 55.736111111111114, 37.467222222222226);
INSERT INTO edges (point_from, point_to, street_id) VALUES (82, 83, 3);
INSERT INTO points (id, name, x, y) VALUES (84, 'Кунцевская', 55.72888888888889, 37.44611111111111);
INSERT INTO edges (point_from, point_to, street_id) VALUES (83, 84, 3);
INSERT INTO streets (id, name) VALUES (4, 'Кольцевая линия');
INSERT INTO points (id, name, x, y) VALUES (85, 'Комсомольская', 55.77472222222222, 37.655);
INSERT INTO points (id, name, x, y) VALUES (86, 'Курская', 55.75694444444444, 37.659444444444446);
INSERT INTO edges (point_from, point_to, street_id) VALUES (85, 86, 4);
INSERT INTO points (id, name, x, y) VALUES (87, 'Таганская', 55.74027777777778, 37.65222222222222);
INSERT INTO edges (point_from, point_to, street_id) VALUES (86, 87, 4);
INSERT INTO points (id, name, x, y) VALUES (88, 'Павелецкая', 55.73166666666667, 37.63777777777778);
INSERT INTO edges (point_from, point_to, street_id) VALUES (87, 88, 4);
INSERT INTO points (id, name, x, y) VALUES (89, 'Добрынинская', 55.72916666666667, 37.62416666666667);
INSERT INTO edges (point_from, point_to, street_id) VALUES (88, 89, 4);
INSERT INTO points (id, name, x, y) VALUES (90, 'Октябрьская', 55.730555555555554, 37.611111111111114);
INSERT INTO edges (point_from, point_to, street_id) VALUES (89, 90, 4);
INSERT INTO points (id, name, x, y) VALUES (91, 'Парк культуры', 55.73583333333333, 37.59138888888889);
INSERT INTO edges (point_from, point_to, street_id) VALUES (90, 91, 4);
INSERT INTO points (id, name, x, y) VALUES (92, 'Киевская', 55.74472222222222, 37.565555555555555);
INSERT INTO edges (point_from, point_to, street_id) VALUES (91, 92, 4);
INSERT INTO points (id, name, x, y) VALUES (93, 'Краснопресненская', 55.76138888888889, 37.5775);
INSERT INTO edges (point_from, point_to, street_id) VALUES (92, 93, 4);
INSERT INTO points (id, name, x, y) VALUES (94, 'Белорусская', 55.77638888888889, 37.58444444444444);
INSERT INTO edges (point_from, point_to, street_id) VALUES (93, 94, 4);
INSERT INTO points (id, name, x, y) VALUES (95, 'Новослободская', 55.78, 37.60277777777778);
INSERT INTO edges (point_from, point_to, street_id) VALUES (94, 95, 4);
INSERT INTO points (id, name, x, y) VALUES (96, 'Проспект Мира', 55.78111111111111, 37.63166666666667);
INSERT INTO edges (point_from, point_to, street_id) VALUES (95, 96, 4);
INSERT INTO edges (point_from, point_to, street_id) VALUES (85, 96, 4);
INSERT INTO streets (id, name) VALUES (5, 'Калужско-Рижская линия');
INSERT INTO points (id, name, x, y) VALUES (97, 'Медведково', 55.88722222222222, 37.66138888888889);
INSERT INTO points (id, name, x, y) VALUES (98, 'Бабушкинская', 55.86944444444445, 37.66444444444444);
INSERT INTO edges (point_from, point_to, street_id) VALUES (97, 98, 5);
INSERT INTO points (id, name, x, y) VALUES (99, 'Свиблово', 55.85527777777778, 37.65277777777778);
INSERT INTO edges (point_from, point_to, street_id) VALUES (98, 99, 5);
INSERT INTO points (id, name, x, y) VALUES (101, 'ВДНХ', 55.821111111111115, 37.64111111111111);
INSERT INTO points (id, name, x, y) VALUES (102, 'Алексеевская', 55.80888888888889, 37.638888888888886);
INSERT INTO edges (point_from, point_to, street_id) VALUES (101, 102, 5);
INSERT INTO points (id, name, x, y) VALUES (103, 'Рижская', 55.79361111111111, 37.63583333333333);
INSERT INTO edges (point_from, point_to, street_id) VALUES (102, 103, 5);
INSERT INTO points (id, name, x, y) VALUES (104, 'Проспект Мира', 55.78111111111111, 37.63166666666667);
INSERT INTO edges (point_from, point_to, street_id) VALUES (103, 104, 5);
INSERT INTO points (id, name, x, y) VALUES (105, 'Сухаревская', 55.77333333333333, 37.63194444444444);
INSERT INTO edges (point_from, point_to, street_id) VALUES (104, 105, 5);
INSERT INTO points (id, name, x, y) VALUES (106, 'Тургеневская', 55.76611111111111, 37.6375);
INSERT INTO edges (point_from, point_to, street_id) VALUES (105, 106, 5);
INSERT INTO points (id, name, x, y) VALUES (107, 'Китай-город', 55.75527777777778, 37.63333333333333);
INSERT INTO edges (point_from, point_to, street_id) VALUES (106, 107, 5);
INSERT INTO points (id, name, x, y) VALUES (108, 'Третьяковская', 55.74111111111111, 37.6275);
INSERT INTO edges (point_from, point_to, street_id) VALUES (107, 108, 5);
INSERT INTO points (id, name, x, y) VALUES (109, 'Октябрьская', 55.730555555555554, 37.611111111111114);
INSERT INTO edges (point_from, point_to, street_id) VALUES (108, 109, 5);
INSERT INTO points (id, name, x, y) VALUES (110, 'Шаболовская', 55.719722222222224, 37.608333333333334);
INSERT INTO edges (point_from, point_to, street_id) VALUES (109, 110, 5);
INSERT INTO points (id, name, x, y) VALUES (111, 'Ленинский проспект', 55.70777777777778, 37.586111111111116);
INSERT INTO edges (point_from, point_to, street_id) VALUES (110, 111, 5);
INSERT INTO points (id, name, x, y) VALUES (112, 'Академическая', 55.687777777777775, 37.57333333333334);
INSERT INTO edges (point_from, point_to, street_id) VALUES (111, 112, 5);
INSERT INTO points (id, name, x, y) VALUES (113, 'Профсоюзная', 55.67805555555555, 37.562777777777775);
INSERT INTO edges (point_from, point_to, street_id) VALUES (112, 113, 5);
INSERT INTO points (id, name, x, y) VALUES (114, 'Новые Черёмушки', 55.67027777777778, 37.55444444444444);
INSERT INTO edges (point_from, point_to, street_id) VALUES (113, 114, 5);
INSERT INTO points (id, name, x, y) VALUES (115, 'Калужская', 55.657222222222224, 37.54055555555556);
INSERT INTO edges (point_from, point_to, street_id) VALUES (114, 115, 5);
INSERT INTO points (id, name, x, y) VALUES (116, 'Беляево', 55.64277777777778, 37.52583333333333);
INSERT INTO edges (point_from, point_to, street_id) VALUES (115, 116, 5);
INSERT INTO points (id, name, x, y) VALUES (117, 'Коньково', 55.63333333333333, 37.51888888888889);
INSERT INTO edges (point_from, point_to, street_id) VALUES (116, 117, 5);
INSERT INTO points (id, name, x, y) VALUES (118, 'Тёплый Стан', 55.619166666666665, 37.50833333333333);
INSERT INTO edges (point_from, point_to, street_id) VALUES (117, 118, 5);
INSERT INTO points (id, name, x, y) VALUES (119, 'Ясенево', 55.60638888888889, 37.53333333333333);
INSERT INTO edges (point_from, point_to, street_id) VALUES (118, 119, 5);
INSERT INTO points (id, name, x, y) VALUES (120, 'Новоясеневская', 55.60111111111111, 37.55416666666667);
INSERT INTO edges (point_from, point_to, street_id) VALUES (119, 120, 5);
INSERT INTO streets (id, name) VALUES (6, 'Таганско-Краснопресненская линия');
INSERT INTO points (id, name, x, y) VALUES (121, 'Планерная', 55.86083333333333, 37.436388888888885);
INSERT INTO points (id, name, x, y) VALUES (122, 'Сходненская', 55.85055555555556, 37.439722222222215);
INSERT INTO edges (point_from, point_to, street_id) VALUES (121, 122, 6);
INSERT INTO points (id, name, x, y) VALUES (123, 'Тушинская', 55.82666666666667, 37.43666666666666);
INSERT INTO edges (point_from, point_to, street_id) VALUES (122, 123, 6);
INSERT INTO points (id, name, x, y) VALUES (124, 'Спартак', 55.818333333333335, 37.43583333333333);
INSERT INTO edges (point_from, point_to, street_id) VALUES (123, 124, 6);
INSERT INTO points (id, name, x, y) VALUES (125, 'Щукинская', 55.808611111111105, 37.46416666666667);
INSERT INTO edges (point_from, point_to, street_id) VALUES (124, 125, 6);
INSERT INTO points (id, name, x, y) VALUES (126, 'Октябрьское Поле', 55.79361111111111, 37.493611111111115);
INSERT INTO edges (point_from, point_to, street_id) VALUES (125, 126, 6);
INSERT INTO points (id, name, x, y) VALUES (127, 'Полежаевская', 55.777499999999996, 37.51916666666666);
INSERT INTO edges (point_from, point_to, street_id) VALUES (126, 127, 6);
INSERT INTO points (id, name, x, y) VALUES (128, 'Беговая', 55.77388888888889, 37.54666666666667);
INSERT INTO edges (point_from, point_to, street_id) VALUES (127, 128, 6);
INSERT INTO points (id, name, x, y) VALUES (129, 'Улица 1905 года', 55.765, 37.561388888888885);
INSERT INTO edges (point_from, point_to, street_id) VALUES (128, 129, 6);
INSERT INTO points (id, name, x, y) VALUES (130, 'Баррикадная', 55.76111111111111, 37.57944444444445);
INSERT INTO edges (point_from, point_to, street_id) VALUES (129, 130, 6);
INSERT INTO points (id, name, x, y) VALUES (131, 'Пушкинская', 55.765, 37.60777777777778);
INSERT INTO edges (point_from, point_to, street_id) VALUES (130, 131, 6);
INSERT INTO points (id, name, x, y) VALUES (132, 'Кузнецкий Мост', 55.760555555555555, 37.62583333333333);
INSERT INTO edges (point_from, point_to, street_id) VALUES (131, 132, 6);
INSERT INTO points (id, name, x, y) VALUES (133, 'Китай-город', 55.75527777777778, 37.63333333333333);
INSERT INTO edges (point_from, point_to, street_id) VALUES (132, 133, 6);
INSERT INTO points (id, name, x, y) VALUES (134, 'Таганская', 55.74027777777778, 37.65222222222222);
INSERT INTO edges (point_from, point_to, street_id) VALUES (133, 134, 6);
INSERT INTO points (id, name, x, y) VALUES (135, 'Пролетарская', 55.731944444444444, 37.66583333333333);
INSERT INTO edges (point_from, point_to, street_id) VALUES (134, 135, 6);
INSERT INTO points (id, name, x, y) VALUES (136, 'Волгоградский проспект', 55.72527777777778, 37.68694444444444);
INSERT INTO edges (point_from, point_to, street_id) VALUES (135, 136, 6);
INSERT INTO points (id, name, x, y) VALUES (137, 'Текстильщики', 55.708333333333336, 37.72833333333333);
INSERT INTO edges (point_from, point_to, street_id) VALUES (136, 137, 6);
INSERT INTO points (id, name, x, y) VALUES (138, 'Кузьминки', 55.705555555555556, 37.76555555555556);
INSERT INTO edges (point_from, point_to, street_id) VALUES (137, 138, 6);
INSERT INTO points (id, name, x, y) VALUES (139, 'Рязанский проспект', 55.716944444444444, 37.79333333333333);
INSERT INTO edges (point_from, point_to, street_id) VALUES (138, 139, 6);
INSERT INTO points (id, name, x, y) VALUES (140, 'Выхино', 55.71555555555556, 37.81805555555556);
INSERT INTO edges (point_from, point_to, street_id) VALUES (139, 140, 6);
INSERT INTO points (id, name, x, y) VALUES (141, 'Лермонтовский проспект', 55.70138888888889, 37.8525);
INSERT INTO edges (point_from, point_to, street_id) VALUES (140, 141, 6);
INSERT INTO points (id, name, x, y) VALUES (142, 'Жулебино', 55.68555555555555, 37.85638888888889);
INSERT INTO edges (point_from, point_to, street_id) VALUES (141, 142, 6);
INSERT INTO points (id, name, x, y) VALUES (143, 'Котельники', 55.674166666666665, 37.858333333333334);
INSERT INTO edges (point_from, point_to, street_id) VALUES (142, 143, 6);
INSERT INTO streets (id, name) VALUES (7, 'Калининская линия');
INSERT INTO points (id, name, x, y) VALUES (144, 'Новокосино', 55.745, 37.86388888888889);
INSERT INTO points (id, name, x, y) VALUES (145, 'Новогиреево', 55.751666666666665, 37.81666666666667);
INSERT INTO edges (point_from, point_to, street_id) VALUES (144, 145, 7);
INSERT INTO points (id, name, x, y) VALUES (146, 'Перово', 55.75111111111111, 37.78666666666666);
INSERT INTO edges (point_from, point_to, street_id) VALUES (145, 146, 7);
INSERT INTO points (id, name, x, y) VALUES (148, 'Авиамоторная', 55.75138888888889, 37.71666666666667);
INSERT INTO points (id, name, x, y) VALUES (149, 'Площадь Ильича', 55.74722222222222, 37.6825);
INSERT INTO edges (point_from, point_to, street_id) VALUES (148, 149, 7);
INSERT INTO points (id, name, x, y) VALUES (150, 'Марксистская', 55.74111111111111, 37.65416666666667);
INSERT INTO edges (point_from, point_to, street_id) VALUES (149, 150, 7);
INSERT INTO points (id, name, x, y) VALUES (151, 'Третьяковская', 55.74111111111111, 37.6275);
INSERT INTO edges (point_from, point_to, street_id) VALUES (150, 151, 7);
INSERT INTO streets (id, name) VALUES (8, 'Солнцевская линия');
INSERT INTO points (id, name, x, y) VALUES (152, 'Парк Победы', 55.736111111111114, 37.51833333333333);
INSERT INTO points (id, name, x, y) VALUES (154, 'Минская', 55.724722222222226, 37.49666666666667);
INSERT INTO edges (point_from, point_to, street_id) VALUES (152, 154, 8);
INSERT INTO points (id, name, x, y) VALUES (155, 'Ломоносовский проспект', 55.70722222222223, 37.51611111111111);
INSERT INTO edges (point_from, point_to, street_id) VALUES (154, 155, 8);
INSERT INTO points (id, name, x, y) VALUES (156, 'Раменки', 55.6975, 37.49861111111111);
INSERT INTO edges (point_from, point_to, street_id) VALUES (155, 156, 8);
INSERT INTO points (id, name, x, y) VALUES (157, 'Мичуринский проспект', 55.68833333333333, 37.48527777777778);
INSERT INTO edges (point_from, point_to, street_id) VALUES (156, 157, 8);
INSERT INTO points (id, name, x, y) VALUES (158, 'Озёрная', 55.67055555555555, 37.44833333333333);
INSERT INTO edges (point_from, point_to, street_id) VALUES (157, 158, 8);
INSERT INTO points (id, name, x, y) VALUES (159, 'Говорово', 55.659444444444446, 37.41722222222222);
INSERT INTO edges (point_from, point_to, street_id) VALUES (158, 159, 8);
INSERT INTO points (id, name, x, y) VALUES (160, 'Солнцево', 55.64944444444444, 37.39111111111111);
INSERT INTO edges (point_from, point_to, street_id) VALUES (159, 160, 8);
INSERT INTO points (id, name, x, y) VALUES (161, 'Боровское шоссе', 55.647777777777776, 37.37027777777778);
INSERT INTO edges (point_from, point_to, street_id) VALUES (160, 161, 8);
INSERT INTO points (id, name, x, y) VALUES (162, 'Новопеределкино', 55.63972222222222, 37.35527777777778);
INSERT INTO edges (point_from, point_to, street_id) VALUES (161, 162, 8);
INSERT INTO points (id, name, x, y) VALUES (163, 'Рассказовка', 55.634166666666665, 37.33527777777778);
INSERT INTO edges (point_from, point_to, street_id) VALUES (162, 163, 8);
INSERT INTO points (id, name, x, y) VALUES (164, 'Пыхтино', 55.625, 37.29805555555556);
INSERT INTO edges (point_from, point_to, street_id) VALUES (163, 164, 8);
INSERT INTO points (id, name, x, y) VALUES (165, 'Аэропорт Внуково', 55.60722222222223, 37.28777777777778);
INSERT INTO edges (point_from, point_to, street_id) VALUES (164, 165, 8);
INSERT INTO streets (id, name) VALUES (9, 'Серпуховско-Тимирязевская линия');
INSERT INTO points (id, name, x, y) VALUES (166, 'Алтуфьево', 55.89805555555556, 37.58694444444445);
INSERT INTO points (id, name, x, y) VALUES (167, 'Бибирево', 55.88388888888889, 37.60333333333333);
INSERT INTO edges (point_from, point_to, street_id) VALUES (166, 167, 9);
INSERT INTO points (id, name, x, y) VALUES (168, 'Отрадное', 55.86333333333334, 37.60472222222222);
INSERT INTO edges (point_from, point_to, street_id) VALUES (167, 168, 9);
INSERT INTO points (id, name, x, y) VALUES (170, 'Петровско-Разумовская', 55.835, 37.574444444444445);
INSERT INTO points (id, name, x, y) VALUES (172, 'Дмитровская', 55.80694444444444, 37.58166666666667);
INSERT INTO points (id, name, x, y) VALUES (173, 'Савёловская', 55.79333333333333, 37.58694444444445);
INSERT INTO edges (point_from, point_to, street_id) VALUES (172, 173, 9);
INSERT INTO points (id, name, x, y) VALUES (174, 'Менделеевская', 55.78111111111111, 37.60111111111111);
INSERT INTO edges (point_from, point_to, street_id) VALUES (173, 174, 9);
INSERT INTO points (id, name, x, y) VALUES (175, 'Цветной бульвар', 55.770833333333336, 37.618611111111115);
INSERT INTO edges (point_from, point_to, street_id) VALUES (174, 175, 9);
INSERT INTO points (id, name, x, y) VALUES (176, 'Чеховская', 55.764722222222225, 37.60916666666667);
INSERT INTO edges (point_from, point_to, street_id) VALUES (175, 176, 9);
INSERT INTO points (id, name, x, y) VALUES (177, 'Боровицкая', 55.75111111111111, 37.60722222222223);
INSERT INTO edges (point_from, point_to, street_id) VALUES (176, 177, 9);
INSERT INTO points (id, name, x, y) VALUES (178, 'Полянка', 55.73777777777778, 37.61805555555556);
INSERT INTO edges (point_from, point_to, street_id) VALUES (177, 178, 9);
INSERT INTO points (id, name, x, y) VALUES (179, 'Серпуховская', 55.72805555555556, 37.624722222222225);
INSERT INTO edges (point_from, point_to, street_id) VALUES (178, 179, 9);
INSERT INTO points (id, name, x, y) VALUES (180, 'Тульская', 55.70861111111111, 37.62277777777778);
INSERT INTO edges (point_from, point_to, street_id) VALUES (179, 180, 9);
INSERT INTO points (id, name, x, y) VALUES (181, 'Нагатинская', 55.683055555555555, 37.6225);
INSERT INTO edges (point_from, point_to, street_id) VALUES (180, 181, 9);
INSERT INTO points (id, name, x, y) VALUES (182, 'Нагорная', 55.6725, 37.61027777777778);
INSERT INTO edges (point_from, point_to, street_id) VALUES (181, 182, 9);
INSERT INTO points (id, name, x, y) VALUES (183, 'Нахимовский проспект', 55.66277777777778, 37.605555555555554);
INSERT INTO edges (point_from, point_to, street_id) VALUES (182, 183, 9);
INSERT INTO points (id, name, x, y) VALUES (184, 'Севастопольская', 55.652499999999996, 37.598333333333336);
INSERT INTO edges (point_from, point_to, street_id) VALUES (183, 184, 9);
INSERT INTO points (id, name, x, y) VALUES (185, 'Чертановская', 55.64055555555556, 37.60666666666667);
INSERT INTO edges (point_from, point_to, street_id) VALUES (184, 185, 9);
INSERT INTO points (id, name, x, y) VALUES (186, 'Южная', 55.6225, 37.60888888888889);
INSERT INTO edges (point_from, point_to, street_id) VALUES (185, 186, 9);
INSERT INTO points (id, name, x, y) VALUES (187, 'Пражская', 55.612500000000004, 37.60444444444445);
INSERT INTO edges (point_from, point_to, street_id) VALUES (186, 187, 9);
INSERT INTO points (id, name, x, y) VALUES (188, 'Улица Академика Янгеля', 55.595, 37.60027777777778);
INSERT INTO edges (point_from, point_to, street_id) VALUES (187, 188, 9);
INSERT INTO points (id, name, x, y) VALUES (189, 'Аннино', 55.58277777777778, 37.59666666666667);
INSERT INTO edges (point_from, point_to, street_id) VALUES (188, 189, 9);
INSERT INTO points (id, name, x, y) VALUES (190, 'Бульвар Дмитрия Донского', 55.56916666666667, 37.57694444444445);
INSERT INTO edges (point_from, point_to, street_id) VALUES (189, 190, 9);
INSERT INTO streets (id, name) VALUES (10, 'Люблинско-Дмитровская линия');
INSERT INTO points (id, name, x, y) VALUES (194, 'Селигерская', 55.86638888888889, 37.54722222222222);
INSERT INTO points (id, name, x, y) VALUES (195, 'Верхние Лихоборы', 55.85611111111111, 37.56111111111111);
INSERT INTO edges (point_from, point_to, street_id) VALUES (194, 195, 10);
INSERT INTO points (id, name, x, y) VALUES (197, 'Петровско-Разумовская', 55.835, 37.574444444444445);
INSERT INTO points (id, name, x, y) VALUES (198, 'Фонвизинская', 55.82277777777778, 37.588055555555556);
INSERT INTO edges (point_from, point_to, street_id) VALUES (197, 198, 10);
INSERT INTO points (id, name, x, y) VALUES (199, 'Бутырская', 55.81333333333333, 37.60277777777778);
INSERT INTO edges (point_from, point_to, street_id) VALUES (198, 199, 10);
INSERT INTO points (id, name, x, y) VALUES (200, 'Марьина Роща', 55.79833333333333, 37.617222222222225);
INSERT INTO edges (point_from, point_to, street_id) VALUES (199, 200, 10);
INSERT INTO points (id, name, x, y) VALUES (201, 'Достоевская', 55.781666666666666, 37.615);
INSERT INTO edges (point_from, point_to, street_id) VALUES (200, 201, 10);
INSERT INTO points (id, name, x, y) VALUES (202, 'Трубная', 55.76888888888889, 37.62);
INSERT INTO edges (point_from, point_to, street_id) VALUES (201, 202, 10);
INSERT INTO points (id, name, x, y) VALUES (203, 'Сретенский бульвар', 55.766666666666666, 37.63916666666667);
INSERT INTO edges (point_from, point_to, street_id) VALUES (202, 203, 10);
INSERT INTO points (id, name, x, y) VALUES (204, 'Чкаловская', 55.756388888888885, 37.657222222222224);
INSERT INTO edges (point_from, point_to, street_id) VALUES (203, 204, 10);
INSERT INTO points (id, name, x, y) VALUES (205, 'Римская', 55.74638888888889, 37.68194444444444);
INSERT INTO edges (point_from, point_to, street_id) VALUES (204, 205, 10);
INSERT INTO points (id, name, x, y) VALUES (206, 'Крестьянская Застава', 55.73305555555556, 37.66722222222222);
INSERT INTO edges (point_from, point_to, street_id) VALUES (205, 206, 10);
INSERT INTO points (id, name, x, y) VALUES (208, 'Кожуховская', 55.7075, 37.684999999999995);
INSERT INTO points (id, name, x, y) VALUES (209, 'Печатники', 55.69444444444444, 37.727222222222224);
INSERT INTO edges (point_from, point_to, street_id) VALUES (208, 209, 10);
INSERT INTO points (id, name, x, y) VALUES (210, 'Волжская', 55.69083333333333, 37.753055555555555);
INSERT INTO edges (point_from, point_to, street_id) VALUES (209, 210, 10);
INSERT INTO points (id, name, x, y) VALUES (211, 'Люблино', 55.67583333333333, 37.76166666666666);
INSERT INTO edges (point_from, point_to, street_id) VALUES (210, 211, 10);
INSERT INTO points (id, name, x, y) VALUES (212, 'Братиславская', 55.65972222222222, 37.75055555555556);
INSERT INTO edges (point_from, point_to, street_id) VALUES (211, 212, 10);
INSERT INTO points (id, name, x, y) VALUES (213, 'Марьино', 55.65, 37.74305555555556);
INSERT INTO edges (point_from, point_to, street_id) VALUES (212, 213, 10);
INSERT INTO points (id, name, x, y) VALUES (214, 'Борисово', 55.63333333333333, 37.743611111111115);
INSERT INTO edges (point_from, point_to, street_id) VALUES (213, 214, 10);
INSERT INTO points (id, name, x, y) VALUES (215, 'Шипиловская', 55.62111111111111, 37.743611111111115);
INSERT INTO edges (point_from, point_to, street_id) VALUES (214, 215, 10);
INSERT INTO points (id, name, x, y) VALUES (216, 'Зябликово', 55.612500000000004, 37.74527777777778);
INSERT INTO edges (point_from, point_to, street_id) VALUES (215, 216, 10);
INSERT INTO streets (id, name) VALUES (11, 'Большая Кольцевая линия');
INSERT INTO points (id, name, x, y) VALUES (217, 'Савёловская', 55.79333333333333, 37.58694444444445);
INSERT INTO points (id, name, x, y) VALUES (218, 'Петровский парк', 55.79194444444444, 37.55722222222222);
INSERT INTO edges (point_from, point_to, street_id) VALUES (217, 218, 11);
INSERT INTO points (id, name, x, y) VALUES (219, 'ЦСКА', 55.78666666666666, 37.53333333333333);
INSERT INTO edges (point_from, point_to, street_id) VALUES (218, 219, 11);
INSERT INTO points (id, name, x, y) VALUES (220, 'Хорошёвская', 55.776666666666664, 37.51916666666666);
INSERT INTO edges (point_from, point_to, street_id) VALUES (219, 220, 11);
INSERT INTO points (id, name, x, y) VALUES (223, 'Народное Ополчение', 55.77583333333333, 37.485);
INSERT INTO edges (point_from, point_to, street_id) VALUES (220, 223, 11);
INSERT INTO points (id, name, x, y) VALUES (224, 'Мнёвники', 55.76111111111111, 37.47138888888889);
INSERT INTO edges (point_from, point_to, street_id) VALUES (223, 224, 11);
INSERT INTO points (id, name, x, y) VALUES (225, 'Терехово', 55.74805555555556, 37.459722222222226);
INSERT INTO edges (point_from, point_to, street_id) VALUES (224, 225, 11);
INSERT INTO points (id, name, x, y) VALUES (226, 'Кунцевская', 55.72888888888889, 37.44611111111111);
INSERT INTO edges (point_from, point_to, street_id) VALUES (225, 226, 11);
INSERT INTO points (id, name, x, y) VALUES (227, 'Давыдково', 55.71527777777778, 37.45166666666667);
INSERT INTO edges (point_from, point_to, street_id) VALUES (226, 227, 11);
INSERT INTO points (id, name, x, y) VALUES (228, 'Аминьевская', 55.697222222222216, 37.465);
INSERT INTO edges (point_from, point_to, street_id) VALUES (227, 228, 11);
INSERT INTO points (id, name, x, y) VALUES (229, 'Мичуринский проспект', 55.68833333333333, 37.48527777777778);
INSERT INTO edges (point_from, point_to, street_id) VALUES (228, 229, 11);
INSERT INTO points (id, name, x, y) VALUES (230, 'Проспект Вернадского', 55.67833333333333, 37.50388888888889);
INSERT INTO edges (point_from, point_to, street_id) VALUES (229, 230, 11);
INSERT INTO points (id, name, x, y) VALUES (231, 'Новаторская', 55.669999999999995, 37.52222222222222);
INSERT INTO edges (point_from, point_to, street_id) VALUES (230, 231, 11);
INSERT INTO points (id, name, x, y) VALUES (232, 'Воронцовская', 55.65888888888889, 37.53916666666667);
INSERT INTO edges (point_from, point_to, street_id) VALUES (231, 232, 11);
INSERT INTO points (id, name, x, y) VALUES (233, 'Зюзино', 55.655833333333334, 37.57361111111111);
INSERT INTO edges (point_from, point_to, street_id) VALUES (232, 233, 11);
INSERT INTO points (id, name, x, y) VALUES (234, 'Каховская', 55.653055555555554, 37.598333333333336);
INSERT INTO edges (point_from, point_to, street_id) VALUES (233, 234, 11);
INSERT INTO points (id, name, x, y) VALUES (235, 'Варшавская', 55.65333333333333, 37.61944444444445);
INSERT INTO edges (point_from, point_to, street_id) VALUES (234, 235, 11);
INSERT INTO points (id, name, x, y) VALUES (236, 'Каширская', 55.655, 37.64861111111111);
INSERT INTO edges (point_from, point_to, street_id) VALUES (235, 236, 11);
INSERT INTO points (id, name, x, y) VALUES (237, 'Кленовый бульвар', 55.67472222222222, 37.68222222222222);
INSERT INTO edges (point_from, point_to, street_id) VALUES (236, 237, 11);
INSERT INTO points (id, name, x, y) VALUES (238, 'Нагатинский Затон', 55.68416666666666, 37.70333333333333);
INSERT INTO edges (point_from, point_to, street_id) VALUES (237, 238, 11);
INSERT INTO points (id, name, x, y) VALUES (239, 'Печатники', 55.69444444444444, 37.727222222222224);
INSERT INTO edges (point_from, point_to, street_id) VALUES (238, 239, 11);
INSERT INTO points (id, name, x, y) VALUES (240, 'Текстильщики', 55.708333333333336, 37.72833333333333);
INSERT INTO edges (point_from, point_to, street_id) VALUES (239, 240, 11);
INSERT INTO points (id, name, x, y) VALUES (242, 'Авиамоторная', 55.75138888888889, 37.71666666666667);
INSERT INTO points (id, name, x, y) VALUES (243, 'Лефортово', 55.764722222222225, 37.70666666666667);
INSERT INTO edges (point_from, point_to, street_id) VALUES (242, 243, 11);
INSERT INTO points (id, name, x, y) VALUES (244, 'Электрозаводская', 55.780277777777776, 37.70305555555556);
INSERT INTO edges (point_from, point_to, street_id) VALUES (243, 244, 11);
INSERT INTO points (id, name, x, y) VALUES (245, 'Сокольники', 55.79111111111111, 37.678888888888885);
INSERT INTO edges (point_from, point_to, street_id) VALUES (244, 245, 11);
INSERT INTO points (id, name, x, y) VALUES (246, 'Рижская', 55.79361111111111, 37.63583333333333);
INSERT INTO edges (point_from, point_to, street_id) VALUES (245, 246, 11);
INSERT INTO points (id, name, x, y) VALUES (247, 'Марьина Роща', 55.79833333333333, 37.617222222222225);
INSERT INTO edges (point_from, point_to, street_id) VALUES (246, 247, 11);
INSERT INTO edges (point_from, point_to, street_id) VALUES (217, 247, 11);
INSERT INTO streets (id, name) VALUES (12, 'Бутовская линия');
INSERT INTO points (id, name, x, y) VALUES (248, 'Битцевскийпарк', 55.60027777777778, 37.55611111111111);
INSERT INTO points (id, name, x, y) VALUES (249, 'Лесопарковая', 55.58222222222223, 37.57694444444445);
INSERT INTO edges (point_from, point_to, street_id) VALUES (248, 249, 12);
INSERT INTO points (id, name, x, y) VALUES (250, 'Улица Старокачаловская', 55.56888888888889, 37.57666666666667);
INSERT INTO edges (point_from, point_to, street_id) VALUES (249, 250, 12);
INSERT INTO points (id, name, x, y) VALUES (251, 'Улица Скобелевская', 55.54805555555556, 37.55472222222222);
INSERT INTO edges (point_from, point_to, street_id) VALUES (250, 251, 12);
INSERT INTO points (id, name, x, y) VALUES (252, 'Бульвар Адмирала Ушакова', 55.54555555555555, 37.543055555555554);
INSERT INTO edges (point_from, point_to, street_id) VALUES (251, 252, 12);
INSERT INTO points (id, name, x, y) VALUES (253, 'Улица Горчакова', 55.541666666666664, 37.530833333333334);
INSERT INTO edges (point_from, point_to, street_id) VALUES (252, 253, 12);
INSERT INTO points (id, name, x, y) VALUES (254, 'Бунинская аллея', 55.53805555555555, 37.51583333333333);
INSERT INTO edges (point_from, point_to, street_id) VALUES (253, 254, 12);
INSERT INTO streets (id, name) VALUES (13, 'Московское Цетральное кольцо');
INSERT INTO streets (id, name) VALUES (14, 'Московское Цетральное кольцо 2');
INSERT INTO points (id, name, x, y) VALUES (286, 'Стахановская', 55.727222222222224, 37.75222222222222);
INSERT INTO points (id, name, x, y) VALUES (288, 'Окская', 55.718611111111116, 37.78138888888889);
INSERT INTO edges (point_from, point_to, street_id) VALUES (286, 288, 14);
INSERT INTO points (id, name, x, y) VALUES (289, 'Юго-Восточная', 55.70527777777778, 37.81805555555556);
INSERT INTO edges (point_from, point_to, street_id) VALUES (288, 289, 14);
INSERT INTO points (id, name, x, y) VALUES (290, 'Косино', 55.70333333333333, 37.85111111111111);
INSERT INTO edges (point_from, point_to, street_id) VALUES (289, 290, 14);
INSERT INTO points (id, name, x, y) VALUES (291, 'Улица Дмитриевского', 55.71027777777778, 37.88);
INSERT INTO edges (point_from, point_to, street_id) VALUES (290, 291, 14);
INSERT INTO points (id, name, x, y) VALUES (292, 'Лухмановская', 55.70861111111111, 37.90083333333333);
INSERT INTO edges (point_from, point_to, street_id) VALUES (291, 292, 14);
INSERT INTO points (id, name, x, y) VALUES (293, 'Некрасовка', 55.70277777777778, 37.92833333333333);
INSERT INTO edges (point_from, point_to, street_id) VALUES (292, 293, 14);
INSERT INTO streets (id, name) VALUES (15, 'МЦД-1');
INSERT INTO points (id, name, x, y) VALUES (306, 'Савёловская', 55.79333333333333, 37.58694444444445);
INSERT INTO points (id, name, x, y) VALUES (307, 'Белорусская', 55.77638888888889, 37.58444444444444);
INSERT INTO edges (point_from, point_to, street_id) VALUES (306, 307, 15);
INSERT INTO points (id, name, x, y) VALUES (308, 'Беговая', 55.77388888888889, 37.54666666666667);
INSERT INTO edges (point_from, point_to, street_id) VALUES (307, 308, 15);
INSERT INTO points (id, name, x, y) VALUES (310, 'Фили', 55.74611111111111, 37.515);
INSERT INTO points (id, name, x, y) VALUES (311, 'Славянский бульвар', 55.72972222222222, 37.470555555555556);
INSERT INTO edges (point_from, point_to, street_id) VALUES (310, 311, 15);
INSERT INTO points (id, name, x, y) VALUES (312, 'Кунцевская', 55.72888888888889, 37.44611111111111);
INSERT INTO edges (point_from, point_to, street_id) VALUES (311, 312, 15);
INSERT INTO streets (id, name) VALUES (16, 'МЦД-2');
INSERT INTO points (id, name, x, y) VALUES (325, 'Волоколамская', 55.83527777777778, 37.382222222222225);
INSERT INTO points (id, name, x, y) VALUES (327, 'Тушинская', 55.82666666666667, 37.43666666666666);
INSERT INTO points (id, name, x, y) VALUES (328, 'Щукинская', 55.808611111111105, 37.46416666666667);
INSERT INTO edges (point_from, point_to, street_id) VALUES (327, 328, 16);
INSERT INTO points (id, name, x, y) VALUES (332, 'Дмитровская', 55.80694444444444, 37.58166666666667);
INSERT INTO points (id, name, x, y) VALUES (333, 'Марьина Роща', 55.79833333333333, 37.617222222222225);
INSERT INTO edges (point_from, point_to, street_id) VALUES (332, 333, 16);
INSERT INTO points (id, name, x, y) VALUES (334, 'Рижская', 55.79361111111111, 37.63583333333333);
INSERT INTO edges (point_from, point_to, street_id) VALUES (333, 334, 16);
INSERT INTO points (id, name, x, y) VALUES (336, 'Курская', 55.75694444444444, 37.659444444444446);
INSERT INTO points (id, name, x, y) VALUES (340, 'Текстильщики', 55.708333333333336, 37.72833333333333);
INSERT INTO points (id, name, x, y) VALUES (341, 'Печатники', 55.69444444444444, 37.727222222222224);
INSERT INTO edges (point_from, point_to, street_id) VALUES (340, 341, 16);
INSERT INTO points (id, name, x, y) VALUES (342, 'Люблино', 55.67583333333333, 37.76166666666666);
INSERT INTO edges (point_from, point_to, street_id) VALUES (341, 342, 16);
INSERT INTO points (id, name, x, y) VALUES (347, 'Царицыно', 55.62138888888889, 37.669444444444444);
INSERT INTO streets (id, name) VALUES (17, 'МЦД-3');
INSERT INTO points (id, name, x, y) VALUES (364, 'Ховрино', 55.87888888888889, 37.481388888888894);
INSERT INTO points (id, name, x, y) VALUES (368, 'Петровско-Разумовская', 55.835, 37.574444444444445);
INSERT INTO points (id, name, x, y) VALUES (370, 'Электрозаводская', 55.780277777777776, 37.70305555555556);
INSERT INTO points (id, name, x, y) VALUES (372, 'Авиамоторная', 55.75138888888889, 37.71666666666667);
INSERT INTO points (id, name, x, y) VALUES (377, 'Выхино', 55.71555555555556, 37.81805555555556);
INSERT INTO points (id, name, x, y) VALUES (378, 'Косино', 55.70333333333333, 37.85111111111111);
INSERT INTO edges (point_from, point_to, street_id) VALUES (377, 378, 17);
INSERT INTO streets (id, name) VALUES (18, 'МЦД-4');
INSERT INTO points (id, name, x, y) VALUES (400, 'Новогиреево', 55.751666666666665, 37.81666666666667);
INSERT INTO points (id, name, x, y) VALUES (405, 'Курская', 55.75694444444444, 37.659444444444446);
INSERT INTO points (id, name, x, y) VALUES (407, 'Марьина Роща', 55.79833333333333, 37.617222222222225);
INSERT INTO points (id, name, x, y) VALUES (408, 'Савёловская', 55.79333333333333, 37.58694444444445);
INSERT INTO edges (point_from, point_to, street_id) VALUES (407, 408, 18);
INSERT INTO points (id, name, x, y) VALUES (409, 'Белорусская', 55.77638888888889, 37.58444444444444);
INSERT INTO edges (point_from, point_to, street_id) VALUES (408, 409, 18);
INSERT INTO points (id, name, x, y) VALUES (413, 'Минская', 55.724722222222226, 37.49666666666667);
INSERT INTO points (id, name, x, y) VALUES (415, 'Аминьевская', 55.697222222222216, 37.465);
INSERT INTO streets (id, name) VALUES (19, 'МЦД-4A');
INSERT INTO points (id, name, x, y) VALUES (429, 'Новопеределкино', 55.63972222222222, 37.35527777777778);
INSERT INTO edges (point_from, point_to, street_id) VALUES (245, 3, NULL);
INSERT INTO edges (point_from, point_to, street_id) VALUES (5, 85, NULL);
INSERT INTO edges (point_from, point_to, street_id) VALUES (203, 7, NULL);
INSERT INTO edges (point_from, point_to, street_id) VALUES (7, 106, NULL);
INSERT INTO edges (point_from, point_to, street_id) VALUES (8, 132, NULL);
INSERT INTO edges (point_from, point_to, street_id) VALUES (9, 37, NULL);
INSERT INTO edges (point_from, point_to, street_id) VALUES (10, 177, NULL);
INSERT INTO edges (point_from, point_to, street_id) VALUES (10, 62, NULL);
INSERT INTO edges (point_from, point_to, street_id) VALUES (10, 72, NULL);
INSERT INTO edges (point_from, point_to, street_id) VALUES (12, 91, NULL);
INSERT INTO edges (point_from, point_to, street_id) VALUES (230, 17, NULL);
INSERT INTO edges (point_from, point_to, street_id) VALUES (26, 364, NULL);
INSERT INTO edges (point_from, point_to, street_id) VALUES (218, 33, NULL);
INSERT INTO edges (point_from, point_to, street_id) VALUES (34, 94, NULL);
INSERT INTO edges (point_from, point_to, street_id) VALUES (307, 409, NULL);
INSERT INTO edges (point_from, point_to, street_id) VALUES (94, 409, NULL);
INSERT INTO edges (point_from, point_to, street_id) VALUES (34, 409, NULL);
INSERT INTO edges (point_from, point_to, street_id) VALUES (34, 307, NULL);
INSERT INTO edges (point_from, point_to, street_id) VALUES (94, 307, NULL);
INSERT INTO edges (point_from, point_to, street_id) VALUES (36, 176, NULL);
INSERT INTO edges (point_from, point_to, street_id) VALUES (36, 131, NULL);
INSERT INTO edges (point_from, point_to, street_id) VALUES (131, 176, NULL);
INSERT INTO edges (point_from, point_to, street_id) VALUES (37, 63, NULL);
INSERT INTO edges (point_from, point_to, street_id) VALUES (38, 108, NULL);
INSERT INTO edges (point_from, point_to, street_id) VALUES (38, 151, NULL);
INSERT INTO edges (point_from, point_to, street_id) VALUES (108, 151, NULL);
INSERT INTO edges (point_from, point_to, street_id) VALUES (39, 88, NULL);
INSERT INTO edges (point_from, point_to, street_id) VALUES (203, 106, NULL);
INSERT INTO edges (point_from, point_to, street_id) VALUES (236, 43, NULL);
INSERT INTO edges (point_from, point_to, street_id) VALUES (45, 347, NULL);
INSERT INTO edges (point_from, point_to, street_id) VALUES (216, 48, NULL);
INSERT INTO edges (point_from, point_to, street_id) VALUES (52, 325, NULL);
INSERT INTO edges (point_from, point_to, street_id) VALUES (57, 84, NULL);
INSERT INTO edges (point_from, point_to, street_id) VALUES (226, 57, NULL);
INSERT INTO edges (point_from, point_to, street_id) VALUES (226, 84, NULL);
INSERT INTO edges (point_from, point_to, street_id) VALUES (226, 312, NULL);
INSERT INTO edges (point_from, point_to, street_id) VALUES (57, 312, NULL);
INSERT INTO edges (point_from, point_to, street_id) VALUES (84, 312, NULL);
INSERT INTO edges (point_from, point_to, street_id) VALUES (58, 311, NULL);
INSERT INTO edges (point_from, point_to, street_id) VALUES (59, 152, NULL);
INSERT INTO edges (point_from, point_to, street_id) VALUES (60, 92, NULL);
INSERT INTO edges (point_from, point_to, street_id) VALUES (60, 75, NULL);
INSERT INTO edges (point_from, point_to, street_id) VALUES (75, 92, NULL);
INSERT INTO edges (point_from, point_to, street_id) VALUES (62, 177, NULL);
INSERT INTO edges (point_from, point_to, street_id) VALUES (62, 72, NULL);
INSERT INTO edges (point_from, point_to, street_id) VALUES (204, 64, NULL);
INSERT INTO edges (point_from, point_to, street_id) VALUES (204, 86, NULL);
INSERT INTO edges (point_from, point_to, street_id) VALUES (64, 86, NULL);
INSERT INTO edges (point_from, point_to, street_id) VALUES (64, 336, NULL);
INSERT INTO edges (point_from, point_to, street_id) VALUES (64, 405, NULL);
INSERT INTO edges (point_from, point_to, street_id) VALUES (86, 405, NULL);
INSERT INTO edges (point_from, point_to, street_id) VALUES (86, 336, NULL);
INSERT INTO edges (point_from, point_to, street_id) VALUES (336, 405, NULL);
INSERT INTO edges (point_from, point_to, street_id) VALUES (244, 66, NULL);
INSERT INTO edges (point_from, point_to, street_id) VALUES (66, 370, NULL);
INSERT INTO edges (point_from, point_to, street_id) VALUES (244, 370, NULL);
INSERT INTO edges (point_from, point_to, street_id) VALUES (80, 310, NULL);
INSERT INTO edges (point_from, point_to, street_id) VALUES (246, 103, NULL);
INSERT INTO edges (point_from, point_to, street_id) VALUES (246, 334, NULL);
INSERT INTO edges (point_from, point_to, street_id) VALUES (103, 334, NULL);
INSERT INTO edges (point_from, point_to, street_id) VALUES (107, 133, NULL);
INSERT INTO edges (point_from, point_to, street_id) VALUES (90, 109, NULL);
INSERT INTO edges (point_from, point_to, street_id) VALUES (232, 115, NULL);
INSERT INTO edges (point_from, point_to, street_id) VALUES (248, 120, NULL);
INSERT INTO edges (point_from, point_to, street_id) VALUES (123, 327, NULL);
INSERT INTO edges (point_from, point_to, street_id) VALUES (125, 328, NULL);
INSERT INTO edges (point_from, point_to, street_id) VALUES (172, 332, NULL);
INSERT INTO edges (point_from, point_to, street_id) VALUES (333, 407, NULL);
INSERT INTO edges (point_from, point_to, street_id) VALUES (200, 247, NULL);
INSERT INTO edges (point_from, point_to, street_id) VALUES (200, 333, NULL);
INSERT INTO edges (point_from, point_to, street_id) VALUES (247, 333, NULL);
INSERT INTO edges (point_from, point_to, street_id) VALUES (200, 407, NULL);
INSERT INTO edges (point_from, point_to, street_id) VALUES (247, 407, NULL);
INSERT INTO edges (point_from, point_to, street_id) VALUES (220, 127, NULL);
INSERT INTO edges (point_from, point_to, street_id) VALUES (128, 308, NULL);
INSERT INTO edges (point_from, point_to, street_id) VALUES (93, 130, NULL);
INSERT INTO edges (point_from, point_to, street_id) VALUES (87, 134, NULL);
INSERT INTO edges (point_from, point_to, street_id) VALUES (87, 150, NULL);
INSERT INTO edges (point_from, point_to, street_id) VALUES (134, 150, NULL);
INSERT INTO edges (point_from, point_to, street_id) VALUES (206, 135, NULL);
INSERT INTO edges (point_from, point_to, street_id) VALUES (137, 340, NULL);
INSERT INTO edges (point_from, point_to, street_id) VALUES (240, 137, NULL);
INSERT INTO edges (point_from, point_to, street_id) VALUES (240, 340, NULL);
INSERT INTO edges (point_from, point_to, street_id) VALUES (140, 377, NULL);
INSERT INTO edges (point_from, point_to, street_id) VALUES (290, 141, NULL);
INSERT INTO edges (point_from, point_to, street_id) VALUES (141, 378, NULL);
INSERT INTO edges (point_from, point_to, street_id) VALUES (290, 378, NULL);
INSERT INTO edges (point_from, point_to, street_id) VALUES (145, 400, NULL);
INSERT INTO edges (point_from, point_to, street_id) VALUES (242, 148, NULL);
INSERT INTO edges (point_from, point_to, street_id) VALUES (242, 372, NULL);
INSERT INTO edges (point_from, point_to, street_id) VALUES (148, 372, NULL);
INSERT INTO edges (point_from, point_to, street_id) VALUES (205, 149, NULL);
INSERT INTO edges (point_from, point_to, street_id) VALUES (154, 413, NULL);
INSERT INTO edges (point_from, point_to, street_id) VALUES (229, 157, NULL);
INSERT INTO edges (point_from, point_to, street_id) VALUES (197, 170, NULL);
INSERT INTO edges (point_from, point_to, street_id) VALUES (197, 368, NULL);
INSERT INTO edges (point_from, point_to, street_id) VALUES (170, 368, NULL);
INSERT INTO edges (point_from, point_to, street_id) VALUES (173, 408, NULL);
INSERT INTO edges (point_from, point_to, street_id) VALUES (217, 408, NULL);
INSERT INTO edges (point_from, point_to, street_id) VALUES (217, 173, NULL);
INSERT INTO edges (point_from, point_to, street_id) VALUES (217, 306, NULL);
INSERT INTO edges (point_from, point_to, street_id) VALUES (173, 306, NULL);
INSERT INTO edges (point_from, point_to, street_id) VALUES (306, 408, NULL);
INSERT INTO edges (point_from, point_to, street_id) VALUES (95, 174, NULL);
INSERT INTO edges (point_from, point_to, street_id) VALUES (202, 175, NULL);
INSERT INTO edges (point_from, point_to, street_id) VALUES (89, 179, NULL);
INSERT INTO edges (point_from, point_to, street_id) VALUES (234, 184, NULL);
INSERT INTO edges (point_from, point_to, street_id) VALUES (250, 190, NULL);
INSERT INTO edges (point_from, point_to, street_id) VALUES (209, 239, NULL);
INSERT INTO edges (point_from, point_to, street_id) VALUES (209, 341, NULL);
INSERT INTO edges (point_from, point_to, street_id) VALUES (239, 341, NULL);
INSERT INTO edges (point_from, point_to, street_id) VALUES (228, 415, NULL);
INSERT INTO edges (point_from, point_to, street_id) VALUES (96, 104, NULL);