INSERT INTO streets (id, name) VALUES (0, 'Сокольническая линия');
INSERT INTO points (id, name, geom) VALUES (0, 'Черкизовская', ST_GeomFromText('POINT(55.803888888888885, 37.74472222222222)', 4326));
INSERT INTO points (id, name, geom) VALUES (3, 'Преображенская площадь', ST_GeomFromText('POINT(55.796388888888885, 37.715)', 4326));
INSERT INTO points (id, name, geom) VALUES (4, 'Сокольники', ST_GeomFromText('POINT(55.79111111111111, 37.678888888888885)', 4326));
INSERT INTO edges (intersection_from, intersection_to, street_id, geom) VALUES (3, 4, 1, ST_GeomFromText('LINESTRING(55.796388888888885, 37.715, 55.79111111111111, 37.678888888888885)', 4326));
INSERT INTO points (id, name, geom) VALUES (5, 'Красносельская', ST_GeomFromText('POINT(55.78, 37.66722222222222)', 4326));
INSERT INTO edges (intersection_from, intersection_to, street_id, geom) VALUES (4, 5, 1, ST_GeomFromText('LINESTRING(55.79111111111111, 37.678888888888885, 55.78, 37.66722222222222)', 4326));
INSERT INTO points (id, name, geom) VALUES (6, 'Комсомольская', ST_GeomFromText('POINT(55.77472222222222, 37.655)', 4326));
INSERT INTO edges (intersection_from, intersection_to, street_id, geom) VALUES (5, 6, 1, ST_GeomFromText('LINESTRING(55.78, 37.66722222222222, 55.77472222222222, 37.655)', 4326));
INSERT INTO points (id, name, geom) VALUES (7, 'Красные Ворота', ST_GeomFromText('POINT(55.76888888888889, 37.64861111111111)', 4326));
INSERT INTO edges (intersection_from, intersection_to, street_id, geom) VALUES (6, 7, 1, ST_GeomFromText('LINESTRING(55.77472222222222, 37.655, 55.76888888888889, 37.64861111111111)', 4326));
INSERT INTO points (id, name, geom) VALUES (8, 'Чистые пруды', ST_GeomFromText('POINT(55.76583333333333, 37.638888888888886)', 4326));
INSERT INTO edges (intersection_from, intersection_to, street_id, geom) VALUES (7, 8, 1, ST_GeomFromText('LINESTRING(55.76888888888889, 37.64861111111111, 55.76583333333333, 37.638888888888886)', 4326));
INSERT INTO points (id, name, geom) VALUES (9, 'Лубянка', ST_GeomFromText('POINT(55.75972222222222, 37.62722222222222)', 4326));
INSERT INTO edges (intersection_from, intersection_to, street_id, geom) VALUES (8, 9, 1, ST_GeomFromText('LINESTRING(55.76583333333333, 37.638888888888886, 55.75972222222222, 37.62722222222222)', 4326));
INSERT INTO points (id, name, geom) VALUES (10, 'Охотный Ряд', ST_GeomFromText('POINT(55.757777777777775, 37.61666666666667)', 4326));
INSERT INTO edges (intersection_from, intersection_to, street_id, geom) VALUES (9, 10, 1, ST_GeomFromText('LINESTRING(55.75972222222222, 37.62722222222222, 55.757777777777775, 37.61666666666667)', 4326));
INSERT INTO points (id, name, geom) VALUES (11, 'Библиотека им. Ленина', ST_GeomFromText('POINT(55.75111111111111, 37.61)', 4326));
INSERT INTO edges (intersection_from, intersection_to, street_id, geom) VALUES (10, 11, 1, ST_GeomFromText('LINESTRING(55.757777777777775, 37.61666666666667, 55.75111111111111, 37.61)', 4326));
INSERT INTO points (id, name, geom) VALUES (12, 'Кропоткинская', ST_GeomFromText('POINT(55.74527777777778, 37.603611111111114)', 4326));
INSERT INTO edges (intersection_from, intersection_to, street_id, geom) VALUES (11, 12, 1, ST_GeomFromText('LINESTRING(55.75111111111111, 37.61, 55.74527777777778, 37.603611111111114)', 4326));
INSERT INTO points (id, name, geom) VALUES (13, 'Парк культуры', ST_GeomFromText('POINT(55.73583333333333, 37.59138888888889)', 4326));
INSERT INTO edges (intersection_from, intersection_to, street_id, geom) VALUES (12, 13, 1, ST_GeomFromText('LINESTRING(55.74527777777778, 37.603611111111114, 55.73583333333333, 37.59138888888889)', 4326));
INSERT INTO points (id, name, geom) VALUES (14, 'Фрунзенская', ST_GeomFromText('POINT(55.72666666666667, 37.578611111111115)', 4326));
INSERT INTO edges (intersection_from, intersection_to, street_id, geom) VALUES (13, 14, 1, ST_GeomFromText('LINESTRING(55.73583333333333, 37.59138888888889, 55.72666666666667, 37.578611111111115)', 4326));
INSERT INTO points (id, name, geom) VALUES (15, 'Спортивная', ST_GeomFromText('POINT(55.723333333333336, 37.56388888888888)', 4326));
INSERT INTO edges (intersection_from, intersection_to, street_id, geom) VALUES (14, 15, 1, ST_GeomFromText('LINESTRING(55.72666666666667, 37.578611111111115, 55.723333333333336, 37.56388888888888)', 4326));
INSERT INTO points (id, name, geom) VALUES (16, 'Воробьёвы горы', ST_GeomFromText('POINT(55.71027777777778, 37.55916666666666)', 4326));
INSERT INTO edges (intersection_from, intersection_to, street_id, geom) VALUES (15, 16, 1, ST_GeomFromText('LINESTRING(55.723333333333336, 37.56388888888888, 55.71027777777778, 37.55916666666666)', 4326));
INSERT INTO points (id, name, geom) VALUES (17, 'Университет', ST_GeomFromText('POINT(55.692499999999995, 37.53333333333333)', 4326));
INSERT INTO edges (intersection_from, intersection_to, street_id, geom) VALUES (16, 17, 1, ST_GeomFromText('LINESTRING(55.71027777777778, 37.55916666666666, 55.692499999999995, 37.53333333333333)', 4326));
INSERT INTO points (id, name, geom) VALUES (18, 'Проспект Вернадского', ST_GeomFromText('POINT(55.67833333333333, 37.50388888888889)', 4326));
INSERT INTO edges (intersection_from, intersection_to, street_id, geom) VALUES (17, 18, 1, ST_GeomFromText('LINESTRING(55.692499999999995, 37.53333333333333, 55.67833333333333, 37.50388888888889)', 4326));
INSERT INTO points (id, name, geom) VALUES (19, 'Юго- Западная', ST_GeomFromText('POINT(55.66361111111111, 37.483333333333334)', 4326));
INSERT INTO edges (intersection_from, intersection_to, street_id, geom) VALUES (18, 19, 1, ST_GeomFromText('LINESTRING(55.67833333333333, 37.50388888888889, 55.66361111111111, 37.483333333333334)', 4326));
INSERT INTO points (id, name, geom) VALUES (20, 'Тропарёво', ST_GeomFromText('POINT(55.645833333333336, 37.472500000000004)', 4326));
INSERT INTO edges (intersection_from, intersection_to, street_id, geom) VALUES (19, 20, 1, ST_GeomFromText('LINESTRING(55.66361111111111, 37.483333333333334, 55.645833333333336, 37.472500000000004)', 4326));
INSERT INTO points (id, name, geom) VALUES (21, 'Румянцево', ST_GeomFromText('POINT(55.63305555555556, 37.44194444444444)', 4326));
INSERT INTO edges (intersection_from, intersection_to, street_id, geom) VALUES (20, 21, 1, ST_GeomFromText('LINESTRING(55.645833333333336, 37.472500000000004, 55.63305555555556, 37.44194444444444)', 4326));
INSERT INTO points (id, name, geom) VALUES (22, 'Саларьево', ST_GeomFromText('POINT(55.621944444444445, 37.424166666666665)', 4326));
INSERT INTO edges (intersection_from, intersection_to, street_id, geom) VALUES (21, 22, 1, ST_GeomFromText('LINESTRING(55.63305555555556, 37.44194444444444, 55.621944444444445, 37.424166666666665)', 4326));
INSERT INTO points (id, name, geom) VALUES (23, 'Филатов Луг', ST_GeomFromText('POINT(55.60138888888889, 37.407777777777774)', 4326));
INSERT INTO edges (intersection_from, intersection_to, street_id, geom) VALUES (22, 23, 1, ST_GeomFromText('LINESTRING(55.621944444444445, 37.424166666666665, 55.60138888888889, 37.407777777777774)', 4326));
INSERT INTO points (id, name, geom) VALUES (24, 'Прокшино', ST_GeomFromText('POINT(55.586111111111116, 37.43388888888889)', 4326));
INSERT INTO edges (intersection_from, intersection_to, street_id, geom) VALUES (23, 24, 1, ST_GeomFromText('LINESTRING(55.60138888888889, 37.407777777777774, 55.586111111111116, 37.43388888888889)', 4326));
INSERT INTO points (id, name, geom) VALUES (25, 'Ольховая', ST_GeomFromText('POINT(55.56861111111112, 37.45944444444445)', 4326));
INSERT INTO edges (intersection_from, intersection_to, street_id, geom) VALUES (24, 25, 1, ST_GeomFromText('LINESTRING(55.586111111111116, 37.43388888888889, 55.56861111111112, 37.45944444444445)', 4326));
INSERT INTO points (id, name, geom) VALUES (26, 'Коммунарка', ST_GeomFromText('POINT(55.56027777777778, 37.468333333333334)', 4326));
INSERT INTO edges (intersection_from, intersection_to, street_id, geom) VALUES (25, 26, 1, ST_GeomFromText('LINESTRING(55.56861111111112, 37.45944444444445, 55.56027777777778, 37.468333333333334)', 4326));
INSERT INTO streets (id, name) VALUES (2, 'Замоскворецкая линия');
INSERT INTO points (id, name, geom) VALUES (27, 'Ховрино', ST_GeomFromText('POINT(55.87888888888889, 37.481388888888894)', 4326));
INSERT INTO points (id, name, geom) VALUES (28, 'Беломорская', ST_GeomFromText('POINT(55.865833333333335, 37.47638888888889)', 4326));
INSERT INTO edges (intersection_from, intersection_to, street_id, geom) VALUES (27, 28, 2, ST_GeomFromText('LINESTRING(55.87888888888889, 37.481388888888894, 55.865833333333335, 37.47638888888889)', 4326));
INSERT INTO points (id, name, geom) VALUES (29, 'Речной вокзал', ST_GeomFromText('POINT(55.855000000000004, 37.476111111111116)', 4326));
INSERT INTO edges (intersection_from, intersection_to, street_id, geom) VALUES (28, 29, 2, ST_GeomFromText('LINESTRING(55.865833333333335, 37.47638888888889, 55.855000000000004, 37.476111111111116)', 4326));
INSERT INTO points (id, name, geom) VALUES (30, 'Водный стадион', ST_GeomFromText('POINT(55.83972222222222, 37.486666666666665)', 4326));
INSERT INTO edges (intersection_from, intersection_to, street_id, geom) VALUES (29, 30, 2, ST_GeomFromText('LINESTRING(55.855000000000004, 37.476111111111116, 55.83972222222222, 37.486666666666665)', 4326));
INSERT INTO points (id, name, geom) VALUES (31, 'Войковская', ST_GeomFromText('POINT(55.81888888888889, 37.49805555555556)', 4326));
INSERT INTO edges (intersection_from, intersection_to, street_id, geom) VALUES (30, 31, 2, ST_GeomFromText('LINESTRING(55.83972222222222, 37.486666666666665, 55.81888888888889, 37.49805555555556)', 4326));
INSERT INTO points (id, name, geom) VALUES (32, 'Сокол', ST_GeomFromText('POINT(55.805, 37.515277777777776)', 4326));
INSERT INTO edges (intersection_from, intersection_to, street_id, geom) VALUES (31, 32, 2, ST_GeomFromText('LINESTRING(55.81888888888889, 37.49805555555556, 55.805, 37.515277777777776)', 4326));
INSERT INTO points (id, name, geom) VALUES (33, 'Аэропорт', ST_GeomFromText('POINT(55.80027777777777, 37.532777777777774)', 4326));
INSERT INTO edges (intersection_from, intersection_to, street_id, geom) VALUES (32, 33, 2, ST_GeomFromText('LINESTRING(55.805, 37.515277777777776, 55.80027777777777, 37.532777777777774)', 4326));
INSERT INTO points (id, name, geom) VALUES (34, 'Динамо', ST_GeomFromText('POINT(55.78972222222222, 37.558055555555555)', 4326));
INSERT INTO edges (intersection_from, intersection_to, street_id, geom) VALUES (33, 34, 2, ST_GeomFromText('LINESTRING(55.80027777777777, 37.532777777777774, 55.78972222222222, 37.558055555555555)', 4326));
INSERT INTO points (id, name, geom) VALUES (35, 'Белорусская', ST_GeomFromText('POINT(55.77638888888889, 37.58444444444444)', 4326));
INSERT INTO edges (intersection_from, intersection_to, street_id, geom) VALUES (34, 35, 2, ST_GeomFromText('LINESTRING(55.78972222222222, 37.558055555555555, 55.77638888888889, 37.58444444444444)', 4326));
INSERT INTO points (id, name, geom) VALUES (36, 'Маяковская', ST_GeomFromText('POINT(55.769999999999996, 37.59583333333334)', 4326));
INSERT INTO edges (intersection_from, intersection_to, street_id, geom) VALUES (35, 36, 2, ST_GeomFromText('LINESTRING(55.77638888888889, 37.58444444444444, 55.769999999999996, 37.59583333333334)', 4326));
INSERT INTO points (id, name, geom) VALUES (37, 'Тверская', ST_GeomFromText('POINT(55.764722222222225, 37.60638888888889)', 4326));
INSERT INTO edges (intersection_from, intersection_to, street_id, geom) VALUES (36, 37, 2, ST_GeomFromText('LINESTRING(55.769999999999996, 37.59583333333334, 55.764722222222225, 37.60638888888889)', 4326));
INSERT INTO points (id, name, geom) VALUES (38, 'Театральная', ST_GeomFromText('POINT(55.757777777777775, 37.61888888888889)', 4326));
INSERT INTO edges (intersection_from, intersection_to, street_id, geom) VALUES (37, 38, 2, ST_GeomFromText('LINESTRING(55.764722222222225, 37.60638888888889, 55.757777777777775, 37.61888888888889)', 4326));
INSERT INTO points (id, name, geom) VALUES (39, 'Новокузнецкая', ST_GeomFromText('POINT(55.74138888888889, 37.629444444444445)', 4326));
INSERT INTO edges (intersection_from, intersection_to, street_id, geom) VALUES (38, 39, 2, ST_GeomFromText('LINESTRING(55.757777777777775, 37.61888888888889, 55.74138888888889, 37.629444444444445)', 4326));
INSERT INTO points (id, name, geom) VALUES (40, 'Павелецкая', ST_GeomFromText('POINT(55.73166666666667, 37.63777777777778)', 4326));
INSERT INTO edges (intersection_from, intersection_to, street_id, geom) VALUES (39, 40, 2, ST_GeomFromText('LINESTRING(55.74138888888889, 37.629444444444445, 55.73166666666667, 37.63777777777778)', 4326));
INSERT INTO points (id, name, geom) VALUES (42, 'Технопарк', ST_GeomFromText('POINT(55.693888888888885, 37.66444444444444)', 4326));
INSERT INTO points (id, name, geom) VALUES (43, 'Коломенская', ST_GeomFromText('POINT(55.67861111111111, 37.663888888888884)', 4326));
INSERT INTO edges (intersection_from, intersection_to, street_id, geom) VALUES (42, 43, 2, ST_GeomFromText('LINESTRING(55.693888888888885, 37.66444444444444, 55.67861111111111, 37.663888888888884)', 4326));
INSERT INTO points (id, name, geom) VALUES (44, 'Каширская', ST_GeomFromText('POINT(55.655, 37.64861111111111)', 4326));
INSERT INTO edges (intersection_from, intersection_to, street_id, geom) VALUES (43, 44, 2, ST_GeomFromText('LINESTRING(55.67861111111111, 37.663888888888884, 55.655, 37.64861111111111)', 4326));
INSERT INTO points (id, name, geom) VALUES (45, 'Кантемировская', ST_GeomFromText('POINT(55.63583333333333, 37.656388888888884)', 4326));
INSERT INTO edges (intersection_from, intersection_to, street_id, geom) VALUES (44, 45, 2, ST_GeomFromText('LINESTRING(55.655, 37.64861111111111, 55.63583333333333, 37.656388888888884)', 4326));
INSERT INTO points (id, name, geom) VALUES (46, 'Царицыно', ST_GeomFromText('POINT(55.62138888888889, 37.669444444444444)', 4326));
INSERT INTO edges (intersection_from, intersection_to, street_id, geom) VALUES (45, 46, 2, ST_GeomFromText('LINESTRING(55.63583333333333, 37.656388888888884, 55.62138888888889, 37.669444444444444)', 4326));
INSERT INTO points (id, name, geom) VALUES (47, 'Орехово', ST_GeomFromText('POINT(55.61333333333334, 37.69499999999999)', 4326));
INSERT INTO edges (intersection_from, intersection_to, street_id, geom) VALUES (46, 47, 2, ST_GeomFromText('LINESTRING(55.62138888888889, 37.669444444444444, 55.61333333333334, 37.69499999999999)', 4326));
INSERT INTO points (id, name, geom) VALUES (48, 'Домодедовская', ST_GeomFromText('POINT(55.61083333333333, 37.718611111111116)', 4326));
INSERT INTO edges (intersection_from, intersection_to, street_id, geom) VALUES (47, 48, 2, ST_GeomFromText('LINESTRING(55.61333333333334, 37.69499999999999, 55.61083333333333, 37.718611111111116)', 4326));
INSERT INTO points (id, name, geom) VALUES (49, 'Красногвардейская', ST_GeomFromText('POINT(55.61361111111111, 37.74444444444445)', 4326));
INSERT INTO edges (intersection_from, intersection_to, street_id, geom) VALUES (48, 49, 2, ST_GeomFromText('LINESTRING(55.61083333333333, 37.718611111111116, 55.61361111111111, 37.74444444444445)', 4326));
INSERT INTO points (id, name, geom) VALUES (50, 'Алма-Атинская', ST_GeomFromText('POINT(55.6325, 37.76611111111111)', 4326));
INSERT INTO edges (intersection_from, intersection_to, street_id, geom) VALUES (49, 50, 2, ST_GeomFromText('LINESTRING(55.61361111111111, 37.74444444444445, 55.6325, 37.76611111111111)', 4326));
INSERT INTO streets (id, name) VALUES (3, 'Арбатско-Покровская линия');
INSERT INTO points (id, name, geom) VALUES (51, 'Пятницкое шоссе', ST_GeomFromText('POINT(55.85638888888889, 37.35444444444445)', 4326));
INSERT INTO points (id, name, geom) VALUES (52, 'Митино', ST_GeomFromText('POINT(55.84583333333334, 37.36222222222222)', 4326));
INSERT INTO edges (intersection_from, intersection_to, street_id, geom) VALUES (51, 52, 3, ST_GeomFromText('LINESTRING(55.85638888888889, 37.35444444444445, 55.84583333333334, 37.36222222222222)', 4326));
INSERT INTO points (id, name, geom) VALUES (53, 'Волоколамская', ST_GeomFromText('POINT(55.83527777777778, 37.382222222222225)', 4326));
INSERT INTO edges (intersection_from, intersection_to, street_id, geom) VALUES (52, 53, 3, ST_GeomFromText('LINESTRING(55.84583333333334, 37.36222222222222, 55.83527777777778, 37.382222222222225)', 4326));
INSERT INTO points (id, name, geom) VALUES (54, 'Мякинино', ST_GeomFromText('POINT(55.82527777777778, 37.38527777777778)', 4326));
INSERT INTO edges (intersection_from, intersection_to, street_id, geom) VALUES (53, 54, 3, ST_GeomFromText('LINESTRING(55.83527777777778, 37.382222222222225, 55.82527777777778, 37.38527777777778)', 4326));
INSERT INTO points (id, name, geom) VALUES (55, 'Строгино', ST_GeomFromText('POINT(55.803888888888885, 37.403055555555554)', 4326));
INSERT INTO edges (intersection_from, intersection_to, street_id, geom) VALUES (54, 55, 3, ST_GeomFromText('LINESTRING(55.82527777777778, 37.38527777777778, 55.803888888888885, 37.403055555555554)', 4326));
INSERT INTO points (id, name, geom) VALUES (56, 'Крылатское', ST_GeomFromText('POINT(55.75666666666667, 37.408055555555556)', 4326));
INSERT INTO edges (intersection_from, intersection_to, street_id, geom) VALUES (55, 56, 3, ST_GeomFromText('LINESTRING(55.803888888888885, 37.403055555555554, 55.75666666666667, 37.408055555555556)', 4326));
INSERT INTO points (id, name, geom) VALUES (57, 'Молодёжная', ST_GeomFromText('POINT(55.740833333333335, 37.416666666666664)', 4326));
INSERT INTO edges (intersection_from, intersection_to, street_id, geom) VALUES (56, 57, 3, ST_GeomFromText('LINESTRING(55.75666666666667, 37.408055555555556, 55.740833333333335, 37.416666666666664)', 4326));
INSERT INTO points (id, name, geom) VALUES (58, 'Кунцевская', ST_GeomFromText('POINT(55.72888888888889, 37.44611111111111)', 4326));
INSERT INTO edges (intersection_from, intersection_to, street_id, geom) VALUES (57, 58, 3, ST_GeomFromText('LINESTRING(55.740833333333335, 37.416666666666664, 55.72888888888889, 37.44611111111111)', 4326));
INSERT INTO points (id, name, geom) VALUES (59, 'Славянский бульвар', ST_GeomFromText('POINT(55.72972222222222, 37.470555555555556)', 4326));
INSERT INTO edges (intersection_from, intersection_to, street_id, geom) VALUES (58, 59, 3, ST_GeomFromText('LINESTRING(55.72888888888889, 37.44611111111111, 55.72972222222222, 37.470555555555556)', 4326));
INSERT INTO points (id, name, geom) VALUES (60, 'Парк Победы', ST_GeomFromText('POINT(55.736111111111114, 37.51833333333333)', 4326));
INSERT INTO edges (intersection_from, intersection_to, street_id, geom) VALUES (59, 60, 3, ST_GeomFromText('LINESTRING(55.72972222222222, 37.470555555555556, 55.736111111111114, 37.51833333333333)', 4326));
INSERT INTO points (id, name, geom) VALUES (61, 'Киевская', ST_GeomFromText('POINT(55.74472222222222, 37.565555555555555)', 4326));
INSERT INTO edges (intersection_from, intersection_to, street_id, geom) VALUES (60, 61, 3, ST_GeomFromText('LINESTRING(55.736111111111114, 37.51833333333333, 55.74472222222222, 37.565555555555555)', 4326));
INSERT INTO points (id, name, geom) VALUES (62, 'Смоленская', ST_GeomFromText('POINT(55.74888888888889, 37.5825)', 4326));
INSERT INTO edges (intersection_from, intersection_to, street_id, geom) VALUES (61, 62, 3, ST_GeomFromText('LINESTRING(55.74472222222222, 37.565555555555555, 55.74888888888889, 37.5825)', 4326));
INSERT INTO points (id, name, geom) VALUES (63, 'Арбатская', ST_GeomFromText('POINT(55.751666666666665, 37.600833333333334)', 4326));
INSERT INTO edges (intersection_from, intersection_to, street_id, geom) VALUES (62, 63, 3, ST_GeomFromText('LINESTRING(55.74888888888889, 37.5825, 55.751666666666665, 37.600833333333334)', 4326));
INSERT INTO points (id, name, geom) VALUES (64, 'Площадь Революции', ST_GeomFromText('POINT(55.75666666666667, 37.62166666666667)', 4326));
INSERT INTO edges (intersection_from, intersection_to, street_id, geom) VALUES (63, 64, 3, ST_GeomFromText('LINESTRING(55.751666666666665, 37.600833333333334, 55.75666666666667, 37.62166666666667)', 4326));
INSERT INTO points (id, name, geom) VALUES (65, 'Курская', ST_GeomFromText('POINT(55.75694444444444, 37.659444444444446)', 4326));
INSERT INTO edges (intersection_from, intersection_to, street_id, geom) VALUES (64, 65, 3, ST_GeomFromText('LINESTRING(55.75666666666667, 37.62166666666667, 55.75694444444444, 37.659444444444446)', 4326));
INSERT INTO points (id, name, geom) VALUES (66, 'Бауманская', ST_GeomFromText('POINT(55.77305555555555, 37.68055555555555)', 4326));
INSERT INTO edges (intersection_from, intersection_to, street_id, geom) VALUES (65, 66, 3, ST_GeomFromText('LINESTRING(55.75694444444444, 37.659444444444446, 55.77305555555555, 37.68055555555555)', 4326));
INSERT INTO points (id, name, geom) VALUES (67, 'Электрозаводская', ST_GeomFromText('POINT(55.780277777777776, 37.70305555555556)', 4326));
INSERT INTO edges (intersection_from, intersection_to, street_id, geom) VALUES (66, 67, 3, ST_GeomFromText('LINESTRING(55.77305555555555, 37.68055555555555, 55.780277777777776, 37.70305555555556)', 4326));
INSERT INTO points (id, name, geom) VALUES (68, 'Семёновская', ST_GeomFromText('POINT(55.78333333333333, 37.72083333333334)', 4326));
INSERT INTO edges (intersection_from, intersection_to, street_id, geom) VALUES (67, 68, 3, ST_GeomFromText('LINESTRING(55.780277777777776, 37.70305555555556, 55.78333333333333, 37.72083333333334)', 4326));
INSERT INTO points (id, name, geom) VALUES (69, 'Партизанская', ST_GeomFromText('POINT(55.78861111111111, 37.75055555555556)', 4326));
INSERT INTO edges (intersection_from, intersection_to, street_id, geom) VALUES (68, 69, 3, ST_GeomFromText('LINESTRING(55.78333333333333, 37.72083333333334, 55.78861111111111, 37.75055555555556)', 4326));
INSERT INTO points (id, name, geom) VALUES (70, 'Измайловская', ST_GeomFromText('POINT(55.78777777777778, 37.78138888888889)', 4326));
INSERT INTO edges (intersection_from, intersection_to, street_id, geom) VALUES (69, 70, 3, ST_GeomFromText('LINESTRING(55.78861111111111, 37.75055555555556, 55.78777777777778, 37.78138888888889)', 4326));
INSERT INTO points (id, name, geom) VALUES (71, 'Первомайская', ST_GeomFromText('POINT(55.79472222222222, 37.799166666666665)', 4326));
INSERT INTO edges (intersection_from, intersection_to, street_id, geom) VALUES (70, 71, 3, ST_GeomFromText('LINESTRING(55.78777777777778, 37.78138888888889, 55.79472222222222, 37.799166666666665)', 4326));
INSERT INTO points (id, name, geom) VALUES (72, 'Щёлковская', ST_GeomFromText('POINT(55.809444444444445, 37.79861111111111)', 4326));
INSERT INTO edges (intersection_from, intersection_to, street_id, geom) VALUES (71, 72, 3, ST_GeomFromText('LINESTRING(55.79472222222222, 37.799166666666665, 55.809444444444445, 37.79861111111111)', 4326));
INSERT INTO streets (id, name) VALUES (4, 'филёвская линия');
INSERT INTO points (id, name, geom) VALUES (73, 'Александровский сад', ST_GeomFromText('POINT(55.7525, 37.60888888888889)', 4326));
INSERT INTO points (id, name, geom) VALUES (74, 'Арбатская', ST_GeomFromText('POINT(55.751666666666665, 37.600833333333334)', 4326));
INSERT INTO edges (intersection_from, intersection_to, street_id, geom) VALUES (73, 74, 4, ST_GeomFromText('LINESTRING(55.7525, 37.60888888888889, 55.751666666666665, 37.600833333333334)', 4326));
INSERT INTO points (id, name, geom) VALUES (75, 'Смоленская', ST_GeomFromText('POINT(55.74888888888889, 37.5825)', 4326));
INSERT INTO edges (intersection_from, intersection_to, street_id, geom) VALUES (74, 75, 4, ST_GeomFromText('LINESTRING(55.751666666666665, 37.600833333333334, 55.74888888888889, 37.5825)', 4326));
INSERT INTO points (id, name, geom) VALUES (76, 'Киевская', ST_GeomFromText('POINT(55.74472222222222, 37.565555555555555)', 4326));
INSERT INTO edges (intersection_from, intersection_to, street_id, geom) VALUES (75, 76, 4, ST_GeomFromText('LINESTRING(55.74888888888889, 37.5825, 55.74472222222222, 37.565555555555555)', 4326));
INSERT INTO points (id, name, geom) VALUES (77, 'Выставочная', ST_GeomFromText('POINT(55.75, 37.54111111111111)', 4326));
INSERT INTO edges (intersection_from, intersection_to, street_id, geom) VALUES (76, 77, 4, ST_GeomFromText('LINESTRING(55.74472222222222, 37.565555555555555, 55.75, 37.54111111111111)', 4326));
INSERT INTO points (id, name, geom) VALUES (78, 'Международная', ST_GeomFromText('POINT(55.748333333333335, 37.53388888888889)', 4326));
INSERT INTO edges (intersection_from, intersection_to, street_id, geom) VALUES (77, 78, 4, ST_GeomFromText('LINESTRING(55.75, 37.54111111111111, 55.748333333333335, 37.53388888888889)', 4326));
INSERT INTO points (id, name, geom) VALUES (79, 'Студенческая', ST_GeomFromText('POINT(55.73888888888889, 37.54833333333333)', 4326));
INSERT INTO edges (intersection_from, intersection_to, street_id, geom) VALUES (76, 79, 4, ST_GeomFromText('LINESTRING(55.74472222222222, 37.565555555555555, 55.73888888888889, 37.54833333333333)', 4326));
INSERT INTO points (id, name, geom) VALUES (81, 'Фили', ST_GeomFromText('POINT(55.74611111111111, 37.515)', 4326));
INSERT INTO points (id, name, geom) VALUES (82, 'Багратионовская', ST_GeomFromText('POINT(55.74388888888889, 37.49777777777778)', 4326));
INSERT INTO edges (intersection_from, intersection_to, street_id, geom) VALUES (81, 82, 4, ST_GeomFromText('LINESTRING(55.74611111111111, 37.515, 55.74388888888889, 37.49777777777778)', 4326));
INSERT INTO points (id, name, geom) VALUES (83, 'Филёвский парк', ST_GeomFromText('POINT(55.73972222222222, 37.483333333333334)', 4326));
INSERT INTO edges (intersection_from, intersection_to, street_id, geom) VALUES (82, 83, 4, ST_GeomFromText('LINESTRING(55.74388888888889, 37.49777777777778, 55.73972222222222, 37.483333333333334)', 4326));
INSERT INTO points (id, name, geom) VALUES (84, 'Пионерская', ST_GeomFromText('POINT(55.736111111111114, 37.467222222222226)', 4326));
INSERT INTO edges (intersection_from, intersection_to, street_id, geom) VALUES (83, 84, 4, ST_GeomFromText('LINESTRING(55.73972222222222, 37.483333333333334, 55.736111111111114, 37.467222222222226)', 4326));
INSERT INTO points (id, name, geom) VALUES (85, 'Кунцевская', ST_GeomFromText('POINT(55.72888888888889, 37.44611111111111)', 4326));
INSERT INTO edges (intersection_from, intersection_to, street_id, geom) VALUES (84, 85, 4, ST_GeomFromText('LINESTRING(55.736111111111114, 37.467222222222226, 55.72888888888889, 37.44611111111111)', 4326));
INSERT INTO streets (id, name) VALUES (5, 'Кольцевая линия');
INSERT INTO points (id, name, geom) VALUES (86, 'Комсомольская', ST_GeomFromText('POINT(55.77472222222222, 37.655)', 4326));
INSERT INTO points (id, name, geom) VALUES (87, 'Курская', ST_GeomFromText('POINT(55.75694444444444, 37.659444444444446)', 4326));
INSERT INTO edges (intersection_from, intersection_to, street_id, geom) VALUES (86, 87, 5, ST_GeomFromText('LINESTRING(55.77472222222222, 37.655, 55.75694444444444, 37.659444444444446)', 4326));
INSERT INTO points (id, name, geom) VALUES (88, 'Таганская', ST_GeomFromText('POINT(55.74027777777778, 37.65222222222222)', 4326));
INSERT INTO edges (intersection_from, intersection_to, street_id, geom) VALUES (87, 88, 5, ST_GeomFromText('LINESTRING(55.75694444444444, 37.659444444444446, 55.74027777777778, 37.65222222222222)', 4326));
INSERT INTO points (id, name, geom) VALUES (89, 'Павелецкая', ST_GeomFromText('POINT(55.73166666666667, 37.63777777777778)', 4326));
INSERT INTO edges (intersection_from, intersection_to, street_id, geom) VALUES (88, 89, 5, ST_GeomFromText('LINESTRING(55.74027777777778, 37.65222222222222, 55.73166666666667, 37.63777777777778)', 4326));
INSERT INTO points (id, name, geom) VALUES (90, 'Добрынинская', ST_GeomFromText('POINT(55.72916666666667, 37.62416666666667)', 4326));
INSERT INTO edges (intersection_from, intersection_to, street_id, geom) VALUES (89, 90, 5, ST_GeomFromText('LINESTRING(55.73166666666667, 37.63777777777778, 55.72916666666667, 37.62416666666667)', 4326));
INSERT INTO points (id, name, geom) VALUES (91, 'Октябрьская', ST_GeomFromText('POINT(55.730555555555554, 37.611111111111114)', 4326));
INSERT INTO edges (intersection_from, intersection_to, street_id, geom) VALUES (90, 91, 5, ST_GeomFromText('LINESTRING(55.72916666666667, 37.62416666666667, 55.730555555555554, 37.611111111111114)', 4326));
INSERT INTO points (id, name, geom) VALUES (92, 'Парк культуры', ST_GeomFromText('POINT(55.73583333333333, 37.59138888888889)', 4326));
INSERT INTO edges (intersection_from, intersection_to, street_id, geom) VALUES (91, 92, 5, ST_GeomFromText('LINESTRING(55.730555555555554, 37.611111111111114, 55.73583333333333, 37.59138888888889)', 4326));
INSERT INTO points (id, name, geom) VALUES (93, 'Киевская', ST_GeomFromText('POINT(55.74472222222222, 37.565555555555555)', 4326));
INSERT INTO edges (intersection_from, intersection_to, street_id, geom) VALUES (92, 93, 5, ST_GeomFromText('LINESTRING(55.73583333333333, 37.59138888888889, 55.74472222222222, 37.565555555555555)', 4326));
INSERT INTO points (id, name, geom) VALUES (94, 'Краснопресненская', ST_GeomFromText('POINT(55.76138888888889, 37.5775)', 4326));
INSERT INTO edges (intersection_from, intersection_to, street_id, geom) VALUES (93, 94, 5, ST_GeomFromText('LINESTRING(55.74472222222222, 37.565555555555555, 55.76138888888889, 37.5775)', 4326));
INSERT INTO points (id, name, geom) VALUES (95, 'Белорусская', ST_GeomFromText('POINT(55.77638888888889, 37.58444444444444)', 4326));
INSERT INTO edges (intersection_from, intersection_to, street_id, geom) VALUES (94, 95, 5, ST_GeomFromText('LINESTRING(55.76138888888889, 37.5775, 55.77638888888889, 37.58444444444444)', 4326));
INSERT INTO points (id, name, geom) VALUES (96, 'Новослободская', ST_GeomFromText('POINT(55.78, 37.60277777777778)', 4326));
INSERT INTO edges (intersection_from, intersection_to, street_id, geom) VALUES (95, 96, 5, ST_GeomFromText('LINESTRING(55.77638888888889, 37.58444444444444, 55.78, 37.60277777777778)', 4326));
INSERT INTO points (id, name, geom) VALUES (97, 'Проспект Мира', ST_GeomFromText('POINT(55.78111111111111, 37.63166666666667)', 4326));
INSERT INTO edges (intersection_from, intersection_to, street_id, geom) VALUES (96, 97, 5, ST_GeomFromText('LINESTRING(55.78, 37.60277777777778, 55.78111111111111, 37.63166666666667)', 4326));
INSERT INTO edges (intersection_from, intersection_to, street_id, geom) VALUES (86, 97, 5, ST_GeomFromText('LINESTRING(55.77472222222222, 37.655, 55.78111111111111, 37.63166666666667)', 4326));
INSERT INTO streets (id, name) VALUES (6, 'Калужско-Рижская линия');
INSERT INTO points (id, name, geom) VALUES (98, 'Медведково', ST_GeomFromText('POINT(55.88722222222222, 37.66138888888889)', 4326));
INSERT INTO points (id, name, geom) VALUES (99, 'Бабушкинская', ST_GeomFromText('POINT(55.86944444444445, 37.66444444444444)', 4326));
INSERT INTO edges (intersection_from, intersection_to, street_id, geom) VALUES (98, 99, 6, ST_GeomFromText('LINESTRING(55.88722222222222, 37.66138888888889, 55.86944444444445, 37.66444444444444)', 4326));
INSERT INTO points (id, name, geom) VALUES (100, 'Свиблово', ST_GeomFromText('POINT(55.85527777777778, 37.65277777777778)', 4326));
INSERT INTO edges (intersection_from, intersection_to, street_id, geom) VALUES (99, 100, 6, ST_GeomFromText('LINESTRING(55.86944444444445, 37.66444444444444, 55.85527777777778, 37.65277777777778)', 4326));
INSERT INTO points (id, name, geom) VALUES (102, 'ВДНХ', ST_GeomFromText('POINT(55.821111111111115, 37.64111111111111)', 4326));
INSERT INTO points (id, name, geom) VALUES (103, 'Алексеевская', ST_GeomFromText('POINT(55.80888888888889, 37.638888888888886)', 4326));
INSERT INTO edges (intersection_from, intersection_to, street_id, geom) VALUES (102, 103, 6, ST_GeomFromText('LINESTRING(55.821111111111115, 37.64111111111111, 55.80888888888889, 37.638888888888886)', 4326));
INSERT INTO points (id, name, geom) VALUES (104, 'Рижская', ST_GeomFromText('POINT(55.79361111111111, 37.63583333333333)', 4326));
INSERT INTO edges (intersection_from, intersection_to, street_id, geom) VALUES (103, 104, 6, ST_GeomFromText('LINESTRING(55.80888888888889, 37.638888888888886, 55.79361111111111, 37.63583333333333)', 4326));
INSERT INTO points (id, name, geom) VALUES (105, 'Проспект Мира', ST_GeomFromText('POINT(55.78111111111111, 37.63166666666667)', 4326));
INSERT INTO edges (intersection_from, intersection_to, street_id, geom) VALUES (104, 105, 6, ST_GeomFromText('LINESTRING(55.79361111111111, 37.63583333333333, 55.78111111111111, 37.63166666666667)', 4326));
INSERT INTO points (id, name, geom) VALUES (106, 'Сухаревская', ST_GeomFromText('POINT(55.77333333333333, 37.63194444444444)', 4326));
INSERT INTO edges (intersection_from, intersection_to, street_id, geom) VALUES (105, 106, 6, ST_GeomFromText('LINESTRING(55.78111111111111, 37.63166666666667, 55.77333333333333, 37.63194444444444)', 4326));
INSERT INTO points (id, name, geom) VALUES (107, 'Тургеневская', ST_GeomFromText('POINT(55.76611111111111, 37.6375)', 4326));
INSERT INTO edges (intersection_from, intersection_to, street_id, geom) VALUES (106, 107, 6, ST_GeomFromText('LINESTRING(55.77333333333333, 37.63194444444444, 55.76611111111111, 37.6375)', 4326));
INSERT INTO points (id, name, geom) VALUES (108, 'Китай-город', ST_GeomFromText('POINT(55.75527777777778, 37.63333333333333)', 4326));
INSERT INTO edges (intersection_from, intersection_to, street_id, geom) VALUES (107, 108, 6, ST_GeomFromText('LINESTRING(55.76611111111111, 37.6375, 55.75527777777778, 37.63333333333333)', 4326));
INSERT INTO points (id, name, geom) VALUES (109, 'Третьяковская', ST_GeomFromText('POINT(55.74111111111111, 37.6275)', 4326));
INSERT INTO edges (intersection_from, intersection_to, street_id, geom) VALUES (108, 109, 6, ST_GeomFromText('LINESTRING(55.75527777777778, 37.63333333333333, 55.74111111111111, 37.6275)', 4326));
INSERT INTO points (id, name, geom) VALUES (110, 'Октябрьская', ST_GeomFromText('POINT(55.730555555555554, 37.611111111111114)', 4326));
INSERT INTO edges (intersection_from, intersection_to, street_id, geom) VALUES (109, 110, 6, ST_GeomFromText('LINESTRING(55.74111111111111, 37.6275, 55.730555555555554, 37.611111111111114)', 4326));
INSERT INTO points (id, name, geom) VALUES (111, 'Шаболовская', ST_GeomFromText('POINT(55.719722222222224, 37.608333333333334)', 4326));
INSERT INTO edges (intersection_from, intersection_to, street_id, geom) VALUES (110, 111, 6, ST_GeomFromText('LINESTRING(55.730555555555554, 37.611111111111114, 55.719722222222224, 37.608333333333334)', 4326));
INSERT INTO points (id, name, geom) VALUES (112, 'Ленинский проспект', ST_GeomFromText('POINT(55.70777777777778, 37.586111111111116)', 4326));
INSERT INTO edges (intersection_from, intersection_to, street_id, geom) VALUES (111, 112, 6, ST_GeomFromText('LINESTRING(55.719722222222224, 37.608333333333334, 55.70777777777778, 37.586111111111116)', 4326));
INSERT INTO points (id, name, geom) VALUES (113, 'Академическая', ST_GeomFromText('POINT(55.687777777777775, 37.57333333333334)', 4326));
INSERT INTO edges (intersection_from, intersection_to, street_id, geom) VALUES (112, 113, 6, ST_GeomFromText('LINESTRING(55.70777777777778, 37.586111111111116, 55.687777777777775, 37.57333333333334)', 4326));
INSERT INTO points (id, name, geom) VALUES (114, 'Профсоюзная', ST_GeomFromText('POINT(55.67805555555555, 37.562777777777775)', 4326));
INSERT INTO edges (intersection_from, intersection_to, street_id, geom) VALUES (113, 114, 6, ST_GeomFromText('LINESTRING(55.687777777777775, 37.57333333333334, 55.67805555555555, 37.562777777777775)', 4326));
INSERT INTO points (id, name, geom) VALUES (115, 'Новые Черёмушки', ST_GeomFromText('POINT(55.67027777777778, 37.55444444444444)', 4326));
INSERT INTO edges (intersection_from, intersection_to, street_id, geom) VALUES (114, 115, 6, ST_GeomFromText('LINESTRING(55.67805555555555, 37.562777777777775, 55.67027777777778, 37.55444444444444)', 4326));
INSERT INTO points (id, name, geom) VALUES (116, 'Калужская', ST_GeomFromText('POINT(55.657222222222224, 37.54055555555556)', 4326));
INSERT INTO edges (intersection_from, intersection_to, street_id, geom) VALUES (115, 116, 6, ST_GeomFromText('LINESTRING(55.67027777777778, 37.55444444444444, 55.657222222222224, 37.54055555555556)', 4326));
INSERT INTO points (id, name, geom) VALUES (117, 'Беляево', ST_GeomFromText('POINT(55.64277777777778, 37.52583333333333)', 4326));
INSERT INTO edges (intersection_from, intersection_to, street_id, geom) VALUES (116, 117, 6, ST_GeomFromText('LINESTRING(55.657222222222224, 37.54055555555556, 55.64277777777778, 37.52583333333333)', 4326));
INSERT INTO points (id, name, geom) VALUES (118, 'Коньково', ST_GeomFromText('POINT(55.63333333333333, 37.51888888888889)', 4326));
INSERT INTO edges (intersection_from, intersection_to, street_id, geom) VALUES (117, 118, 6, ST_GeomFromText('LINESTRING(55.64277777777778, 37.52583333333333, 55.63333333333333, 37.51888888888889)', 4326));
INSERT INTO points (id, name, geom) VALUES (119, 'Тёплый Стан', ST_GeomFromText('POINT(55.619166666666665, 37.50833333333333)', 4326));
INSERT INTO edges (intersection_from, intersection_to, street_id, geom) VALUES (118, 119, 6, ST_GeomFromText('LINESTRING(55.63333333333333, 37.51888888888889, 55.619166666666665, 37.50833333333333)', 4326));
INSERT INTO points (id, name, geom) VALUES (120, 'Ясенево', ST_GeomFromText('POINT(55.60638888888889, 37.53333333333333)', 4326));
INSERT INTO edges (intersection_from, intersection_to, street_id, geom) VALUES (119, 120, 6, ST_GeomFromText('LINESTRING(55.619166666666665, 37.50833333333333, 55.60638888888889, 37.53333333333333)', 4326));
INSERT INTO points (id, name, geom) VALUES (121, 'Новоясеневская', ST_GeomFromText('POINT(55.60111111111111, 37.55416666666667)', 4326));
INSERT INTO edges (intersection_from, intersection_to, street_id, geom) VALUES (120, 121, 6, ST_GeomFromText('LINESTRING(55.60638888888889, 37.53333333333333, 55.60111111111111, 37.55416666666667)', 4326));
INSERT INTO streets (id, name) VALUES (7, 'Таганско-Краснопресненская линия');
INSERT INTO points (id, name, geom) VALUES (122, 'Планерная', ST_GeomFromText('POINT(55.86083333333333, 37.436388888888885)', 4326));
INSERT INTO points (id, name, geom) VALUES (123, 'Сходненская', ST_GeomFromText('POINT(55.85055555555556, 37.439722222222215)', 4326));
INSERT INTO edges (intersection_from, intersection_to, street_id, geom) VALUES (122, 123, 7, ST_GeomFromText('LINESTRING(55.86083333333333, 37.436388888888885, 55.85055555555556, 37.439722222222215)', 4326));
INSERT INTO points (id, name, geom) VALUES (124, 'Тушинская', ST_GeomFromText('POINT(55.82666666666667, 37.43666666666666)', 4326));
INSERT INTO edges (intersection_from, intersection_to, street_id, geom) VALUES (123, 124, 7, ST_GeomFromText('LINESTRING(55.85055555555556, 37.439722222222215, 55.82666666666667, 37.43666666666666)', 4326));
INSERT INTO points (id, name, geom) VALUES (125, 'Спартак', ST_GeomFromText('POINT(55.818333333333335, 37.43583333333333)', 4326));
INSERT INTO edges (intersection_from, intersection_to, street_id, geom) VALUES (124, 125, 7, ST_GeomFromText('LINESTRING(55.82666666666667, 37.43666666666666, 55.818333333333335, 37.43583333333333)', 4326));
INSERT INTO points (id, name, geom) VALUES (126, 'Щукинская', ST_GeomFromText('POINT(55.808611111111105, 37.46416666666667)', 4326));
INSERT INTO edges (intersection_from, intersection_to, street_id, geom) VALUES (125, 126, 7, ST_GeomFromText('LINESTRING(55.818333333333335, 37.43583333333333, 55.808611111111105, 37.46416666666667)', 4326));
INSERT INTO points (id, name, geom) VALUES (127, 'Октябрьское Поле', ST_GeomFromText('POINT(55.79361111111111, 37.493611111111115)', 4326));
INSERT INTO edges (intersection_from, intersection_to, street_id, geom) VALUES (126, 127, 7, ST_GeomFromText('LINESTRING(55.808611111111105, 37.46416666666667, 55.79361111111111, 37.493611111111115)', 4326));
INSERT INTO points (id, name, geom) VALUES (128, 'Полежаевская', ST_GeomFromText('POINT(55.777499999999996, 37.51916666666666)', 4326));
INSERT INTO edges (intersection_from, intersection_to, street_id, geom) VALUES (127, 128, 7, ST_GeomFromText('LINESTRING(55.79361111111111, 37.493611111111115, 55.777499999999996, 37.51916666666666)', 4326));
INSERT INTO points (id, name, geom) VALUES (129, 'Беговая', ST_GeomFromText('POINT(55.77388888888889, 37.54666666666667)', 4326));
INSERT INTO edges (intersection_from, intersection_to, street_id, geom) VALUES (128, 129, 7, ST_GeomFromText('LINESTRING(55.777499999999996, 37.51916666666666, 55.77388888888889, 37.54666666666667)', 4326));
INSERT INTO points (id, name, geom) VALUES (130, 'Улица 1905 года', ST_GeomFromText('POINT(55.765, 37.561388888888885)', 4326));
INSERT INTO edges (intersection_from, intersection_to, street_id, geom) VALUES (129, 130, 7, ST_GeomFromText('LINESTRING(55.77388888888889, 37.54666666666667, 55.765, 37.561388888888885)', 4326));
INSERT INTO points (id, name, geom) VALUES (131, 'Баррикадная', ST_GeomFromText('POINT(55.76111111111111, 37.57944444444445)', 4326));
INSERT INTO edges (intersection_from, intersection_to, street_id, geom) VALUES (130, 131, 7, ST_GeomFromText('LINESTRING(55.765, 37.561388888888885, 55.76111111111111, 37.57944444444445)', 4326));
INSERT INTO points (id, name, geom) VALUES (132, 'Пушкинская', ST_GeomFromText('POINT(55.765, 37.60777777777778)', 4326));
INSERT INTO edges (intersection_from, intersection_to, street_id, geom) VALUES (131, 132, 7, ST_GeomFromText('LINESTRING(55.76111111111111, 37.57944444444445, 55.765, 37.60777777777778)', 4326));
INSERT INTO points (id, name, geom) VALUES (133, 'Кузнецкий Мост', ST_GeomFromText('POINT(55.760555555555555, 37.62583333333333)', 4326));
INSERT INTO edges (intersection_from, intersection_to, street_id, geom) VALUES (132, 133, 7, ST_GeomFromText('LINESTRING(55.765, 37.60777777777778, 55.760555555555555, 37.62583333333333)', 4326));
INSERT INTO points (id, name, geom) VALUES (134, 'Китай-город', ST_GeomFromText('POINT(55.75527777777778, 37.63333333333333)', 4326));
INSERT INTO edges (intersection_from, intersection_to, street_id, geom) VALUES (133, 134, 7, ST_GeomFromText('LINESTRING(55.760555555555555, 37.62583333333333, 55.75527777777778, 37.63333333333333)', 4326));
INSERT INTO points (id, name, geom) VALUES (135, 'Таганская', ST_GeomFromText('POINT(55.74027777777778, 37.65222222222222)', 4326));
INSERT INTO edges (intersection_from, intersection_to, street_id, geom) VALUES (134, 135, 7, ST_GeomFromText('LINESTRING(55.75527777777778, 37.63333333333333, 55.74027777777778, 37.65222222222222)', 4326));
INSERT INTO points (id, name, geom) VALUES (136, 'Пролетарская', ST_GeomFromText('POINT(55.731944444444444, 37.66583333333333)', 4326));
INSERT INTO edges (intersection_from, intersection_to, street_id, geom) VALUES (135, 136, 7, ST_GeomFromText('LINESTRING(55.74027777777778, 37.65222222222222, 55.731944444444444, 37.66583333333333)', 4326));
INSERT INTO points (id, name, geom) VALUES (137, 'Волгоградский проспект', ST_GeomFromText('POINT(55.72527777777778, 37.68694444444444)', 4326));
INSERT INTO edges (intersection_from, intersection_to, street_id, geom) VALUES (136, 137, 7, ST_GeomFromText('LINESTRING(55.731944444444444, 37.66583333333333, 55.72527777777778, 37.68694444444444)', 4326));
INSERT INTO points (id, name, geom) VALUES (138, 'Текстильщики', ST_GeomFromText('POINT(55.708333333333336, 37.72833333333333)', 4326));
INSERT INTO edges (intersection_from, intersection_to, street_id, geom) VALUES (137, 138, 7, ST_GeomFromText('LINESTRING(55.72527777777778, 37.68694444444444, 55.708333333333336, 37.72833333333333)', 4326));
INSERT INTO points (id, name, geom) VALUES (139, 'Кузьминки', ST_GeomFromText('POINT(55.705555555555556, 37.76555555555556)', 4326));
INSERT INTO edges (intersection_from, intersection_to, street_id, geom) VALUES (138, 139, 7, ST_GeomFromText('LINESTRING(55.708333333333336, 37.72833333333333, 55.705555555555556, 37.76555555555556)', 4326));
INSERT INTO points (id, name, geom) VALUES (140, 'Рязанский проспект', ST_GeomFromText('POINT(55.716944444444444, 37.79333333333333)', 4326));
INSERT INTO edges (intersection_from, intersection_to, street_id, geom) VALUES (139, 140, 7, ST_GeomFromText('LINESTRING(55.705555555555556, 37.76555555555556, 55.716944444444444, 37.79333333333333)', 4326));
INSERT INTO points (id, name, geom) VALUES (141, 'Выхино', ST_GeomFromText('POINT(55.71555555555556, 37.81805555555556)', 4326));
INSERT INTO edges (intersection_from, intersection_to, street_id, geom) VALUES (140, 141, 7, ST_GeomFromText('LINESTRING(55.716944444444444, 37.79333333333333, 55.71555555555556, 37.81805555555556)', 4326));
INSERT INTO points (id, name, geom) VALUES (142, 'Лермонтовский проспект', ST_GeomFromText('POINT(55.70138888888889, 37.8525)', 4326));
INSERT INTO edges (intersection_from, intersection_to, street_id, geom) VALUES (141, 142, 7, ST_GeomFromText('LINESTRING(55.71555555555556, 37.81805555555556, 55.70138888888889, 37.8525)', 4326));
INSERT INTO points (id, name, geom) VALUES (143, 'Жулебино', ST_GeomFromText('POINT(55.68555555555555, 37.85638888888889)', 4326));
INSERT INTO edges (intersection_from, intersection_to, street_id, geom) VALUES (142, 143, 7, ST_GeomFromText('LINESTRING(55.70138888888889, 37.8525, 55.68555555555555, 37.85638888888889)', 4326));
INSERT INTO points (id, name, geom) VALUES (144, 'Котельники', ST_GeomFromText('POINT(55.674166666666665, 37.858333333333334)', 4326));
INSERT INTO edges (intersection_from, intersection_to, street_id, geom) VALUES (143, 144, 7, ST_GeomFromText('LINESTRING(55.68555555555555, 37.85638888888889, 55.674166666666665, 37.858333333333334)', 4326));
INSERT INTO streets (id, name) VALUES (8, 'Калининская линия');
INSERT INTO points (id, name, geom) VALUES (145, 'Новокосино', ST_GeomFromText('POINT(55.745, 37.86388888888889)', 4326));
INSERT INTO points (id, name, geom) VALUES (146, 'Новогиреево', ST_GeomFromText('POINT(55.751666666666665, 37.81666666666667)', 4326));
INSERT INTO edges (intersection_from, intersection_to, street_id, geom) VALUES (145, 146, 8, ST_GeomFromText('LINESTRING(55.745, 37.86388888888889, 55.751666666666665, 37.81666666666667)', 4326));
INSERT INTO points (id, name, geom) VALUES (147, 'Перово', ST_GeomFromText('POINT(55.75111111111111, 37.78666666666666)', 4326));
INSERT INTO edges (intersection_from, intersection_to, street_id, geom) VALUES (146, 147, 8, ST_GeomFromText('LINESTRING(55.751666666666665, 37.81666666666667, 55.75111111111111, 37.78666666666666)', 4326));
INSERT INTO points (id, name, geom) VALUES (149, 'Авиамоторная', ST_GeomFromText('POINT(55.75138888888889, 37.71666666666667)', 4326));
INSERT INTO points (id, name, geom) VALUES (150, 'Площадь Ильича', ST_GeomFromText('POINT(55.74722222222222, 37.6825)', 4326));
INSERT INTO edges (intersection_from, intersection_to, street_id, geom) VALUES (149, 150, 8, ST_GeomFromText('LINESTRING(55.75138888888889, 37.71666666666667, 55.74722222222222, 37.6825)', 4326));
INSERT INTO points (id, name, geom) VALUES (151, 'Марксистская', ST_GeomFromText('POINT(55.74111111111111, 37.65416666666667)', 4326));
INSERT INTO edges (intersection_from, intersection_to, street_id, geom) VALUES (150, 151, 8, ST_GeomFromText('LINESTRING(55.74722222222222, 37.6825, 55.74111111111111, 37.65416666666667)', 4326));
INSERT INTO points (id, name, geom) VALUES (152, 'Третьяковская', ST_GeomFromText('POINT(55.74111111111111, 37.6275)', 4326));
INSERT INTO edges (intersection_from, intersection_to, street_id, geom) VALUES (151, 152, 8, ST_GeomFromText('LINESTRING(55.74111111111111, 37.65416666666667, 55.74111111111111, 37.6275)', 4326));
INSERT INTO streets (id, name) VALUES (9, 'Солнцевская линия');
INSERT INTO points (id, name, geom) VALUES (153, 'Парк Победы', ST_GeomFromText('POINT(55.736111111111114, 37.51833333333333)', 4326));
INSERT INTO points (id, name, geom) VALUES (155, 'Минская', ST_GeomFromText('POINT(55.724722222222226, 37.49666666666667)', 4326));
INSERT INTO edges (intersection_from, intersection_to, street_id, geom) VALUES (153, 155, 9, ST_GeomFromText('LINESTRING(55.736111111111114, 37.51833333333333, 55.724722222222226, 37.49666666666667)', 4326));
INSERT INTO points (id, name, geom) VALUES (156, 'Ломоносовский проспект', ST_GeomFromText('POINT(55.70722222222223, 37.51611111111111)', 4326));
INSERT INTO edges (intersection_from, intersection_to, street_id, geom) VALUES (155, 156, 9, ST_GeomFromText('LINESTRING(55.724722222222226, 37.49666666666667, 55.70722222222223, 37.51611111111111)', 4326));
INSERT INTO points (id, name, geom) VALUES (157, 'Раменки', ST_GeomFromText('POINT(55.6975, 37.49861111111111)', 4326));
INSERT INTO edges (intersection_from, intersection_to, street_id, geom) VALUES (156, 157, 9, ST_GeomFromText('LINESTRING(55.70722222222223, 37.51611111111111, 55.6975, 37.49861111111111)', 4326));
INSERT INTO points (id, name, geom) VALUES (158, 'Мичуринский проспект', ST_GeomFromText('POINT(55.68833333333333, 37.48527777777778)', 4326));
INSERT INTO edges (intersection_from, intersection_to, street_id, geom) VALUES (157, 158, 9, ST_GeomFromText('LINESTRING(55.6975, 37.49861111111111, 55.68833333333333, 37.48527777777778)', 4326));
INSERT INTO points (id, name, geom) VALUES (159, 'Озёрная', ST_GeomFromText('POINT(55.67055555555555, 37.44833333333333)', 4326));
INSERT INTO edges (intersection_from, intersection_to, street_id, geom) VALUES (158, 159, 9, ST_GeomFromText('LINESTRING(55.68833333333333, 37.48527777777778, 55.67055555555555, 37.44833333333333)', 4326));
INSERT INTO points (id, name, geom) VALUES (160, 'Говорово', ST_GeomFromText('POINT(55.659444444444446, 37.41722222222222)', 4326));
INSERT INTO edges (intersection_from, intersection_to, street_id, geom) VALUES (159, 160, 9, ST_GeomFromText('LINESTRING(55.67055555555555, 37.44833333333333, 55.659444444444446, 37.41722222222222)', 4326));
INSERT INTO points (id, name, geom) VALUES (161, 'Солнцево', ST_GeomFromText('POINT(55.64944444444444, 37.39111111111111)', 4326));
INSERT INTO edges (intersection_from, intersection_to, street_id, geom) VALUES (160, 161, 9, ST_GeomFromText('LINESTRING(55.659444444444446, 37.41722222222222, 55.64944444444444, 37.39111111111111)', 4326));
INSERT INTO points (id, name, geom) VALUES (162, 'Боровское шоссе', ST_GeomFromText('POINT(55.647777777777776, 37.37027777777778)', 4326));
INSERT INTO edges (intersection_from, intersection_to, street_id, geom) VALUES (161, 162, 9, ST_GeomFromText('LINESTRING(55.64944444444444, 37.39111111111111, 55.647777777777776, 37.37027777777778)', 4326));
INSERT INTO points (id, name, geom) VALUES (163, 'Новопеределкино', ST_GeomFromText('POINT(55.63972222222222, 37.35527777777778)', 4326));
INSERT INTO edges (intersection_from, intersection_to, street_id, geom) VALUES (162, 163, 9, ST_GeomFromText('LINESTRING(55.647777777777776, 37.37027777777778, 55.63972222222222, 37.35527777777778)', 4326));
INSERT INTO points (id, name, geom) VALUES (164, 'Рассказовка', ST_GeomFromText('POINT(55.634166666666665, 37.33527777777778)', 4326));
INSERT INTO edges (intersection_from, intersection_to, street_id, geom) VALUES (163, 164, 9, ST_GeomFromText('LINESTRING(55.63972222222222, 37.35527777777778, 55.634166666666665, 37.33527777777778)', 4326));
INSERT INTO points (id, name, geom) VALUES (165, 'Пыхтино', ST_GeomFromText('POINT(55.625, 37.29805555555556)', 4326));
INSERT INTO edges (intersection_from, intersection_to, street_id, geom) VALUES (164, 165, 9, ST_GeomFromText('LINESTRING(55.634166666666665, 37.33527777777778, 55.625, 37.29805555555556)', 4326));
INSERT INTO points (id, name, geom) VALUES (166, 'Аэропорт Внуково', ST_GeomFromText('POINT(55.60722222222223, 37.28777777777778)', 4326));
INSERT INTO edges (intersection_from, intersection_to, street_id, geom) VALUES (165, 166, 9, ST_GeomFromText('LINESTRING(55.625, 37.29805555555556, 55.60722222222223, 37.28777777777778)', 4326));
INSERT INTO streets (id, name) VALUES (10, 'Серпуховско-Тимирязевская линия');
INSERT INTO points (id, name, geom) VALUES (167, 'Алтуфьево', ST_GeomFromText('POINT(55.89805555555556, 37.58694444444445)', 4326));
INSERT INTO points (id, name, geom) VALUES (168, 'Бибирево', ST_GeomFromText('POINT(55.88388888888889, 37.60333333333333)', 4326));
INSERT INTO edges (intersection_from, intersection_to, street_id, geom) VALUES (167, 168, 10, ST_GeomFromText('LINESTRING(55.89805555555556, 37.58694444444445, 55.88388888888889, 37.60333333333333)', 4326));
INSERT INTO points (id, name, geom) VALUES (169, 'Отрадное', ST_GeomFromText('POINT(55.86333333333334, 37.60472222222222)', 4326));
INSERT INTO edges (intersection_from, intersection_to, street_id, geom) VALUES (168, 169, 10, ST_GeomFromText('LINESTRING(55.88388888888889, 37.60333333333333, 55.86333333333334, 37.60472222222222)', 4326));
INSERT INTO points (id, name, geom) VALUES (171, 'Петровско-Разумовская', ST_GeomFromText('POINT(55.835, 37.574444444444445)', 4326));
INSERT INTO points (id, name, geom) VALUES (173, 'Дмитровская', ST_GeomFromText('POINT(55.80694444444444, 37.58166666666667)', 4326));
INSERT INTO points (id, name, geom) VALUES (174, 'Савёловская', ST_GeomFromText('POINT(55.79333333333333, 37.58694444444445)', 4326));
INSERT INTO edges (intersection_from, intersection_to, street_id, geom) VALUES (173, 174, 10, ST_GeomFromText('LINESTRING(55.80694444444444, 37.58166666666667, 55.79333333333333, 37.58694444444445)', 4326));
INSERT INTO points (id, name, geom) VALUES (175, 'Менделеевская', ST_GeomFromText('POINT(55.78111111111111, 37.60111111111111)', 4326));
INSERT INTO edges (intersection_from, intersection_to, street_id, geom) VALUES (174, 175, 10, ST_GeomFromText('LINESTRING(55.79333333333333, 37.58694444444445, 55.78111111111111, 37.60111111111111)', 4326));
INSERT INTO points (id, name, geom) VALUES (176, 'Цветной бульвар', ST_GeomFromText('POINT(55.770833333333336, 37.618611111111115)', 4326));
INSERT INTO edges (intersection_from, intersection_to, street_id, geom) VALUES (175, 176, 10, ST_GeomFromText('LINESTRING(55.78111111111111, 37.60111111111111, 55.770833333333336, 37.618611111111115)', 4326));
INSERT INTO points (id, name, geom) VALUES (177, 'Чеховская', ST_GeomFromText('POINT(55.764722222222225, 37.60916666666667)', 4326));
INSERT INTO edges (intersection_from, intersection_to, street_id, geom) VALUES (176, 177, 10, ST_GeomFromText('LINESTRING(55.770833333333336, 37.618611111111115, 55.764722222222225, 37.60916666666667)', 4326));
INSERT INTO points (id, name, geom) VALUES (178, 'Боровицкая', ST_GeomFromText('POINT(55.75111111111111, 37.60722222222223)', 4326));
INSERT INTO edges (intersection_from, intersection_to, street_id, geom) VALUES (177, 178, 10, ST_GeomFromText('LINESTRING(55.764722222222225, 37.60916666666667, 55.75111111111111, 37.60722222222223)', 4326));
INSERT INTO points (id, name, geom) VALUES (179, 'Полянка', ST_GeomFromText('POINT(55.73777777777778, 37.61805555555556)', 4326));
INSERT INTO edges (intersection_from, intersection_to, street_id, geom) VALUES (178, 179, 10, ST_GeomFromText('LINESTRING(55.75111111111111, 37.60722222222223, 55.73777777777778, 37.61805555555556)', 4326));
INSERT INTO points (id, name, geom) VALUES (180, 'Серпуховская', ST_GeomFromText('POINT(55.72805555555556, 37.624722222222225)', 4326));
INSERT INTO edges (intersection_from, intersection_to, street_id, geom) VALUES (179, 180, 10, ST_GeomFromText('LINESTRING(55.73777777777778, 37.61805555555556, 55.72805555555556, 37.624722222222225)', 4326));
INSERT INTO points (id, name, geom) VALUES (181, 'Тульская', ST_GeomFromText('POINT(55.70861111111111, 37.62277777777778)', 4326));
INSERT INTO edges (intersection_from, intersection_to, street_id, geom) VALUES (180, 181, 10, ST_GeomFromText('LINESTRING(55.72805555555556, 37.624722222222225, 55.70861111111111, 37.62277777777778)', 4326));
INSERT INTO points (id, name, geom) VALUES (182, 'Нагатинская', ST_GeomFromText('POINT(55.683055555555555, 37.6225)', 4326));
INSERT INTO edges (intersection_from, intersection_to, street_id, geom) VALUES (181, 182, 10, ST_GeomFromText('LINESTRING(55.70861111111111, 37.62277777777778, 55.683055555555555, 37.6225)', 4326));
INSERT INTO points (id, name, geom) VALUES (183, 'Нагорная', ST_GeomFromText('POINT(55.6725, 37.61027777777778)', 4326));
INSERT INTO edges (intersection_from, intersection_to, street_id, geom) VALUES (182, 183, 10, ST_GeomFromText('LINESTRING(55.683055555555555, 37.6225, 55.6725, 37.61027777777778)', 4326));
INSERT INTO points (id, name, geom) VALUES (184, 'Нахимовский проспект', ST_GeomFromText('POINT(55.66277777777778, 37.605555555555554)', 4326));
INSERT INTO edges (intersection_from, intersection_to, street_id, geom) VALUES (183, 184, 10, ST_GeomFromText('LINESTRING(55.6725, 37.61027777777778, 55.66277777777778, 37.605555555555554)', 4326));
INSERT INTO points (id, name, geom) VALUES (185, 'Севастопольская', ST_GeomFromText('POINT(55.652499999999996, 37.598333333333336)', 4326));
INSERT INTO edges (intersection_from, intersection_to, street_id, geom) VALUES (184, 185, 10, ST_GeomFromText('LINESTRING(55.66277777777778, 37.605555555555554, 55.652499999999996, 37.598333333333336)', 4326));
INSERT INTO points (id, name, geom) VALUES (186, 'Чертановская', ST_GeomFromText('POINT(55.64055555555556, 37.60666666666667)', 4326));
INSERT INTO edges (intersection_from, intersection_to, street_id, geom) VALUES (185, 186, 10, ST_GeomFromText('LINESTRING(55.652499999999996, 37.598333333333336, 55.64055555555556, 37.60666666666667)', 4326));
INSERT INTO points (id, name, geom) VALUES (187, 'Южная', ST_GeomFromText('POINT(55.6225, 37.60888888888889)', 4326));
INSERT INTO edges (intersection_from, intersection_to, street_id, geom) VALUES (186, 187, 10, ST_GeomFromText('LINESTRING(55.64055555555556, 37.60666666666667, 55.6225, 37.60888888888889)', 4326));
INSERT INTO points (id, name, geom) VALUES (188, 'Пражская', ST_GeomFromText('POINT(55.612500000000004, 37.60444444444445)', 4326));
INSERT INTO edges (intersection_from, intersection_to, street_id, geom) VALUES (187, 188, 10, ST_GeomFromText('LINESTRING(55.6225, 37.60888888888889, 55.612500000000004, 37.60444444444445)', 4326));
INSERT INTO points (id, name, geom) VALUES (189, 'Улица Академика Янгеля', ST_GeomFromText('POINT(55.595, 37.60027777777778)', 4326));
INSERT INTO edges (intersection_from, intersection_to, street_id, geom) VALUES (188, 189, 10, ST_GeomFromText('LINESTRING(55.612500000000004, 37.60444444444445, 55.595, 37.60027777777778)', 4326));
INSERT INTO points (id, name, geom) VALUES (190, 'Аннино', ST_GeomFromText('POINT(55.58277777777778, 37.59666666666667)', 4326));
INSERT INTO edges (intersection_from, intersection_to, street_id, geom) VALUES (189, 190, 10, ST_GeomFromText('LINESTRING(55.595, 37.60027777777778, 55.58277777777778, 37.59666666666667)', 4326));
INSERT INTO points (id, name, geom) VALUES (191, 'Бульвар Дмитрия Донского', ST_GeomFromText('POINT(55.56916666666667, 37.57694444444445)', 4326));
INSERT INTO edges (intersection_from, intersection_to, street_id, geom) VALUES (190, 191, 10, ST_GeomFromText('LINESTRING(55.58277777777778, 37.59666666666667, 55.56916666666667, 37.57694444444445)', 4326));
INSERT INTO streets (id, name) VALUES (11, 'Люблинско-Дмитровская линия');
INSERT INTO points (id, name, geom) VALUES (195, 'Селигерская', ST_GeomFromText('POINT(55.86638888888889, 37.54722222222222)', 4326));
INSERT INTO points (id, name, geom) VALUES (196, 'Верхние Лихоборы', ST_GeomFromText('POINT(55.85611111111111, 37.56111111111111)', 4326));
INSERT INTO edges (intersection_from, intersection_to, street_id, geom) VALUES (195, 196, 11, ST_GeomFromText('LINESTRING(55.86638888888889, 37.54722222222222, 55.85611111111111, 37.56111111111111)', 4326));
INSERT INTO points (id, name, geom) VALUES (198, 'Петровско-Разумовская', ST_GeomFromText('POINT(55.835, 37.574444444444445)', 4326));
INSERT INTO points (id, name, geom) VALUES (199, 'Фонвизинская', ST_GeomFromText('POINT(55.82277777777778, 37.588055555555556)', 4326));
INSERT INTO edges (intersection_from, intersection_to, street_id, geom) VALUES (198, 199, 11, ST_GeomFromText('LINESTRING(55.835, 37.574444444444445, 55.82277777777778, 37.588055555555556)', 4326));
INSERT INTO points (id, name, geom) VALUES (200, 'Бутырская', ST_GeomFromText('POINT(55.81333333333333, 37.60277777777778)', 4326));
INSERT INTO edges (intersection_from, intersection_to, street_id, geom) VALUES (199, 200, 11, ST_GeomFromText('LINESTRING(55.82277777777778, 37.588055555555556, 55.81333333333333, 37.60277777777778)', 4326));
INSERT INTO points (id, name, geom) VALUES (201, 'Марьина Роща', ST_GeomFromText('POINT(55.79833333333333, 37.617222222222225)', 4326));
INSERT INTO edges (intersection_from, intersection_to, street_id, geom) VALUES (200, 201, 11, ST_GeomFromText('LINESTRING(55.81333333333333, 37.60277777777778, 55.79833333333333, 37.617222222222225)', 4326));
INSERT INTO points (id, name, geom) VALUES (202, 'Достоевская', ST_GeomFromText('POINT(55.781666666666666, 37.615)', 4326));
INSERT INTO edges (intersection_from, intersection_to, street_id, geom) VALUES (201, 202, 11, ST_GeomFromText('LINESTRING(55.79833333333333, 37.617222222222225, 55.781666666666666, 37.615)', 4326));
INSERT INTO points (id, name, geom) VALUES (203, 'Трубная', ST_GeomFromText('POINT(55.76888888888889, 37.62)', 4326));
INSERT INTO edges (intersection_from, intersection_to, street_id, geom) VALUES (202, 203, 11, ST_GeomFromText('LINESTRING(55.781666666666666, 37.615, 55.76888888888889, 37.62)', 4326));
INSERT INTO points (id, name, geom) VALUES (204, 'Сретенский бульвар', ST_GeomFromText('POINT(55.766666666666666, 37.63916666666667)', 4326));
INSERT INTO edges (intersection_from, intersection_to, street_id, geom) VALUES (203, 204, 11, ST_GeomFromText('LINESTRING(55.76888888888889, 37.62, 55.766666666666666, 37.63916666666667)', 4326));
INSERT INTO points (id, name, geom) VALUES (205, 'Чкаловская', ST_GeomFromText('POINT(55.756388888888885, 37.657222222222224)', 4326));
INSERT INTO edges (intersection_from, intersection_to, street_id, geom) VALUES (204, 205, 11, ST_GeomFromText('LINESTRING(55.766666666666666, 37.63916666666667, 55.756388888888885, 37.657222222222224)', 4326));
INSERT INTO points (id, name, geom) VALUES (206, 'Римская', ST_GeomFromText('POINT(55.74638888888889, 37.68194444444444)', 4326));
INSERT INTO edges (intersection_from, intersection_to, street_id, geom) VALUES (205, 206, 11, ST_GeomFromText('LINESTRING(55.756388888888885, 37.657222222222224, 55.74638888888889, 37.68194444444444)', 4326));
INSERT INTO points (id, name, geom) VALUES (207, 'Крестьянская Застава', ST_GeomFromText('POINT(55.73305555555556, 37.66722222222222)', 4326));
INSERT INTO edges (intersection_from, intersection_to, street_id, geom) VALUES (206, 207, 11, ST_GeomFromText('LINESTRING(55.74638888888889, 37.68194444444444, 55.73305555555556, 37.66722222222222)', 4326));
INSERT INTO points (id, name, geom) VALUES (209, 'Кожуховская', ST_GeomFromText('POINT(55.7075, 37.684999999999995)', 4326));
INSERT INTO points (id, name, geom) VALUES (210, 'Печатники', ST_GeomFromText('POINT(55.69444444444444, 37.727222222222224)', 4326));
INSERT INTO edges (intersection_from, intersection_to, street_id, geom) VALUES (209, 210, 11, ST_GeomFromText('LINESTRING(55.7075, 37.684999999999995, 55.69444444444444, 37.727222222222224)', 4326));
INSERT INTO points (id, name, geom) VALUES (211, 'Волжская', ST_GeomFromText('POINT(55.69083333333333, 37.753055555555555)', 4326));
INSERT INTO edges (intersection_from, intersection_to, street_id, geom) VALUES (210, 211, 11, ST_GeomFromText('LINESTRING(55.69444444444444, 37.727222222222224, 55.69083333333333, 37.753055555555555)', 4326));
INSERT INTO points (id, name, geom) VALUES (212, 'Люблино', ST_GeomFromText('POINT(55.67583333333333, 37.76166666666666)', 4326));
INSERT INTO edges (intersection_from, intersection_to, street_id, geom) VALUES (211, 212, 11, ST_GeomFromText('LINESTRING(55.69083333333333, 37.753055555555555, 55.67583333333333, 37.76166666666666)', 4326));
INSERT INTO points (id, name, geom) VALUES (213, 'Братиславская', ST_GeomFromText('POINT(55.65972222222222, 37.75055555555556)', 4326));
INSERT INTO edges (intersection_from, intersection_to, street_id, geom) VALUES (212, 213, 11, ST_GeomFromText('LINESTRING(55.67583333333333, 37.76166666666666, 55.65972222222222, 37.75055555555556)', 4326));
INSERT INTO points (id, name, geom) VALUES (214, 'Марьино', ST_GeomFromText('POINT(55.65, 37.74305555555556)', 4326));
INSERT INTO edges (intersection_from, intersection_to, street_id, geom) VALUES (213, 214, 11, ST_GeomFromText('LINESTRING(55.65972222222222, 37.75055555555556, 55.65, 37.74305555555556)', 4326));
INSERT INTO points (id, name, geom) VALUES (215, 'Борисово', ST_GeomFromText('POINT(55.63333333333333, 37.743611111111115)', 4326));
INSERT INTO edges (intersection_from, intersection_to, street_id, geom) VALUES (214, 215, 11, ST_GeomFromText('LINESTRING(55.65, 37.74305555555556, 55.63333333333333, 37.743611111111115)', 4326));
INSERT INTO points (id, name, geom) VALUES (216, 'Шипиловская', ST_GeomFromText('POINT(55.62111111111111, 37.743611111111115)', 4326));
INSERT INTO edges (intersection_from, intersection_to, street_id, geom) VALUES (215, 216, 11, ST_GeomFromText('LINESTRING(55.63333333333333, 37.743611111111115, 55.62111111111111, 37.743611111111115)', 4326));
INSERT INTO points (id, name, geom) VALUES (217, 'Зябликово', ST_GeomFromText('POINT(55.612500000000004, 37.74527777777778)', 4326));
INSERT INTO edges (intersection_from, intersection_to, street_id, geom) VALUES (216, 217, 11, ST_GeomFromText('LINESTRING(55.62111111111111, 37.743611111111115, 55.612500000000004, 37.74527777777778)', 4326));
INSERT INTO streets (id, name) VALUES (12, 'Большая Кольцевая линия');
INSERT INTO points (id, name, geom) VALUES (218, 'Савёловская', ST_GeomFromText('POINT(55.79333333333333, 37.58694444444445)', 4326));
INSERT INTO points (id, name, geom) VALUES (219, 'Петровский парк', ST_GeomFromText('POINT(55.79194444444444, 37.55722222222222)', 4326));
INSERT INTO edges (intersection_from, intersection_to, street_id, geom) VALUES (218, 219, 12, ST_GeomFromText('LINESTRING(55.79333333333333, 37.58694444444445, 55.79194444444444, 37.55722222222222)', 4326));
INSERT INTO points (id, name, geom) VALUES (220, 'ЦСКА', ST_GeomFromText('POINT(55.78666666666666, 37.53333333333333)', 4326));
INSERT INTO edges (intersection_from, intersection_to, street_id, geom) VALUES (219, 220, 12, ST_GeomFromText('LINESTRING(55.79194444444444, 37.55722222222222, 55.78666666666666, 37.53333333333333)', 4326));
INSERT INTO points (id, name, geom) VALUES (221, 'Хорошёвская', ST_GeomFromText('POINT(55.776666666666664, 37.51916666666666)', 4326));
INSERT INTO edges (intersection_from, intersection_to, street_id, geom) VALUES (220, 221, 12, ST_GeomFromText('LINESTRING(55.78666666666666, 37.53333333333333, 55.776666666666664, 37.51916666666666)', 4326));
INSERT INTO points (id, name, geom) VALUES (224, 'Народное Ополчение', ST_GeomFromText('POINT(55.77583333333333, 37.485)', 4326));
INSERT INTO edges (intersection_from, intersection_to, street_id, geom) VALUES (221, 224, 12, ST_GeomFromText('LINESTRING(55.776666666666664, 37.51916666666666, 55.77583333333333, 37.485)', 4326));
INSERT INTO points (id, name, geom) VALUES (225, 'Мнёвники', ST_GeomFromText('POINT(55.76111111111111, 37.47138888888889)', 4326));
INSERT INTO edges (intersection_from, intersection_to, street_id, geom) VALUES (224, 225, 12, ST_GeomFromText('LINESTRING(55.77583333333333, 37.485, 55.76111111111111, 37.47138888888889)', 4326));
INSERT INTO points (id, name, geom) VALUES (226, 'Терехово', ST_GeomFromText('POINT(55.74805555555556, 37.459722222222226)', 4326));
INSERT INTO edges (intersection_from, intersection_to, street_id, geom) VALUES (225, 226, 12, ST_GeomFromText('LINESTRING(55.76111111111111, 37.47138888888889, 55.74805555555556, 37.459722222222226)', 4326));
INSERT INTO points (id, name, geom) VALUES (227, 'Кунцевская', ST_GeomFromText('POINT(55.72888888888889, 37.44611111111111)', 4326));
INSERT INTO edges (intersection_from, intersection_to, street_id, geom) VALUES (226, 227, 12, ST_GeomFromText('LINESTRING(55.74805555555556, 37.459722222222226, 55.72888888888889, 37.44611111111111)', 4326));
INSERT INTO points (id, name, geom) VALUES (228, 'Давыдково', ST_GeomFromText('POINT(55.71527777777778, 37.45166666666667)', 4326));
INSERT INTO edges (intersection_from, intersection_to, street_id, geom) VALUES (227, 228, 12, ST_GeomFromText('LINESTRING(55.72888888888889, 37.44611111111111, 55.71527777777778, 37.45166666666667)', 4326));
INSERT INTO points (id, name, geom) VALUES (229, 'Аминьевская', ST_GeomFromText('POINT(55.697222222222216, 37.465)', 4326));
INSERT INTO edges (intersection_from, intersection_to, street_id, geom) VALUES (228, 229, 12, ST_GeomFromText('LINESTRING(55.71527777777778, 37.45166666666667, 55.697222222222216, 37.465)', 4326));
INSERT INTO points (id, name, geom) VALUES (230, 'Мичуринский проспект', ST_GeomFromText('POINT(55.68833333333333, 37.48527777777778)', 4326));
INSERT INTO edges (intersection_from, intersection_to, street_id, geom) VALUES (229, 230, 12, ST_GeomFromText('LINESTRING(55.697222222222216, 37.465, 55.68833333333333, 37.48527777777778)', 4326));
INSERT INTO points (id, name, geom) VALUES (231, 'Проспект Вернадского', ST_GeomFromText('POINT(55.67833333333333, 37.50388888888889)', 4326));
INSERT INTO edges (intersection_from, intersection_to, street_id, geom) VALUES (230, 231, 12, ST_GeomFromText('LINESTRING(55.68833333333333, 37.48527777777778, 55.67833333333333, 37.50388888888889)', 4326));
INSERT INTO points (id, name, geom) VALUES (232, 'Новаторская', ST_GeomFromText('POINT(55.669999999999995, 37.52222222222222)', 4326));
INSERT INTO edges (intersection_from, intersection_to, street_id, geom) VALUES (231, 232, 12, ST_GeomFromText('LINESTRING(55.67833333333333, 37.50388888888889, 55.669999999999995, 37.52222222222222)', 4326));
INSERT INTO points (id, name, geom) VALUES (233, 'Воронцовская', ST_GeomFromText('POINT(55.65888888888889, 37.53916666666667)', 4326));
INSERT INTO edges (intersection_from, intersection_to, street_id, geom) VALUES (232, 233, 12, ST_GeomFromText('LINESTRING(55.669999999999995, 37.52222222222222, 55.65888888888889, 37.53916666666667)', 4326));
INSERT INTO points (id, name, geom) VALUES (234, 'Зюзино', ST_GeomFromText('POINT(55.655833333333334, 37.57361111111111)', 4326));
INSERT INTO edges (intersection_from, intersection_to, street_id, geom) VALUES (233, 234, 12, ST_GeomFromText('LINESTRING(55.65888888888889, 37.53916666666667, 55.655833333333334, 37.57361111111111)', 4326));
INSERT INTO points (id, name, geom) VALUES (235, 'Каховская', ST_GeomFromText('POINT(55.653055555555554, 37.598333333333336)', 4326));
INSERT INTO edges (intersection_from, intersection_to, street_id, geom) VALUES (234, 235, 12, ST_GeomFromText('LINESTRING(55.655833333333334, 37.57361111111111, 55.653055555555554, 37.598333333333336)', 4326));
INSERT INTO points (id, name, geom) VALUES (236, 'Варшавская', ST_GeomFromText('POINT(55.65333333333333, 37.61944444444445)', 4326));
INSERT INTO edges (intersection_from, intersection_to, street_id, geom) VALUES (235, 236, 12, ST_GeomFromText('LINESTRING(55.653055555555554, 37.598333333333336, 55.65333333333333, 37.61944444444445)', 4326));
INSERT INTO points (id, name, geom) VALUES (237, 'Каширская', ST_GeomFromText('POINT(55.655, 37.64861111111111)', 4326));
INSERT INTO edges (intersection_from, intersection_to, street_id, geom) VALUES (236, 237, 12, ST_GeomFromText('LINESTRING(55.65333333333333, 37.61944444444445, 55.655, 37.64861111111111)', 4326));
INSERT INTO points (id, name, geom) VALUES (238, 'Кленовый бульвар', ST_GeomFromText('POINT(55.67472222222222, 37.68222222222222)', 4326));
INSERT INTO edges (intersection_from, intersection_to, street_id, geom) VALUES (237, 238, 12, ST_GeomFromText('LINESTRING(55.655, 37.64861111111111, 55.67472222222222, 37.68222222222222)', 4326));
INSERT INTO points (id, name, geom) VALUES (239, 'Нагатинский Затон', ST_GeomFromText('POINT(55.68416666666666, 37.70333333333333)', 4326));
INSERT INTO edges (intersection_from, intersection_to, street_id, geom) VALUES (238, 239, 12, ST_GeomFromText('LINESTRING(55.67472222222222, 37.68222222222222, 55.68416666666666, 37.70333333333333)', 4326));
INSERT INTO points (id, name, geom) VALUES (240, 'Печатники', ST_GeomFromText('POINT(55.69444444444444, 37.727222222222224)', 4326));
INSERT INTO edges (intersection_from, intersection_to, street_id, geom) VALUES (239, 240, 12, ST_GeomFromText('LINESTRING(55.68416666666666, 37.70333333333333, 55.69444444444444, 37.727222222222224)', 4326));
INSERT INTO points (id, name, geom) VALUES (241, 'Текстильщики', ST_GeomFromText('POINT(55.708333333333336, 37.72833333333333)', 4326));
INSERT INTO edges (intersection_from, intersection_to, street_id, geom) VALUES (240, 241, 12, ST_GeomFromText('LINESTRING(55.69444444444444, 37.727222222222224, 55.708333333333336, 37.72833333333333)', 4326));
INSERT INTO points (id, name, geom) VALUES (243, 'Авиамоторная', ST_GeomFromText('POINT(55.75138888888889, 37.71666666666667)', 4326));
INSERT INTO points (id, name, geom) VALUES (244, 'Лефортово', ST_GeomFromText('POINT(55.764722222222225, 37.70666666666667)', 4326));
INSERT INTO edges (intersection_from, intersection_to, street_id, geom) VALUES (243, 244, 12, ST_GeomFromText('LINESTRING(55.75138888888889, 37.71666666666667, 55.764722222222225, 37.70666666666667)', 4326));
INSERT INTO points (id, name, geom) VALUES (245, 'Электрозаводская', ST_GeomFromText('POINT(55.780277777777776, 37.70305555555556)', 4326));
INSERT INTO edges (intersection_from, intersection_to, street_id, geom) VALUES (244, 245, 12, ST_GeomFromText('LINESTRING(55.764722222222225, 37.70666666666667, 55.780277777777776, 37.70305555555556)', 4326));
INSERT INTO points (id, name, geom) VALUES (246, 'Сокольники', ST_GeomFromText('POINT(55.79111111111111, 37.678888888888885)', 4326));
INSERT INTO edges (intersection_from, intersection_to, street_id, geom) VALUES (245, 246, 12, ST_GeomFromText('LINESTRING(55.780277777777776, 37.70305555555556, 55.79111111111111, 37.678888888888885)', 4326));
INSERT INTO points (id, name, geom) VALUES (247, 'Рижская', ST_GeomFromText('POINT(55.79361111111111, 37.63583333333333)', 4326));
INSERT INTO edges (intersection_from, intersection_to, street_id, geom) VALUES (246, 247, 12, ST_GeomFromText('LINESTRING(55.79111111111111, 37.678888888888885, 55.79361111111111, 37.63583333333333)', 4326));
INSERT INTO points (id, name, geom) VALUES (248, 'Марьина Роща', ST_GeomFromText('POINT(55.79833333333333, 37.617222222222225)', 4326));
INSERT INTO edges (intersection_from, intersection_to, street_id, geom) VALUES (247, 248, 12, ST_GeomFromText('LINESTRING(55.79361111111111, 37.63583333333333, 55.79833333333333, 37.617222222222225)', 4326));
INSERT INTO edges (intersection_from, intersection_to, street_id, geom) VALUES (218, 248, 12, ST_GeomFromText('LINESTRING(55.79333333333333, 37.58694444444445, 55.79833333333333, 37.617222222222225)', 4326));
INSERT INTO streets (id, name) VALUES (13, 'Бутовская линия');
INSERT INTO points (id, name, geom) VALUES (249, 'Битцевскийпарк', ST_GeomFromText('POINT(55.60027777777778, 37.55611111111111)', 4326));
INSERT INTO points (id, name, geom) VALUES (250, 'Лесопарковая', ST_GeomFromText('POINT(55.58222222222223, 37.57694444444445)', 4326));
INSERT INTO edges (intersection_from, intersection_to, street_id, geom) VALUES (249, 250, 13, ST_GeomFromText('LINESTRING(55.60027777777778, 37.55611111111111, 55.58222222222223, 37.57694444444445)', 4326));
INSERT INTO points (id, name, geom) VALUES (251, 'Улица Старокачаловская', ST_GeomFromText('POINT(55.56888888888889, 37.57666666666667)', 4326));
INSERT INTO edges (intersection_from, intersection_to, street_id, geom) VALUES (250, 251, 13, ST_GeomFromText('LINESTRING(55.58222222222223, 37.57694444444445, 55.56888888888889, 37.57666666666667)', 4326));
INSERT INTO points (id, name, geom) VALUES (252, 'Улица Скобелевская', ST_GeomFromText('POINT(55.54805555555556, 37.55472222222222)', 4326));
INSERT INTO edges (intersection_from, intersection_to, street_id, geom) VALUES (251, 252, 13, ST_GeomFromText('LINESTRING(55.56888888888889, 37.57666666666667, 55.54805555555556, 37.55472222222222)', 4326));
INSERT INTO points (id, name, geom) VALUES (253, 'Бульвар Адмирала Ушакова', ST_GeomFromText('POINT(55.54555555555555, 37.543055555555554)', 4326));
INSERT INTO edges (intersection_from, intersection_to, street_id, geom) VALUES (252, 253, 13, ST_GeomFromText('LINESTRING(55.54805555555556, 37.55472222222222, 55.54555555555555, 37.543055555555554)', 4326));
INSERT INTO points (id, name, geom) VALUES (254, 'Улица Горчакова', ST_GeomFromText('POINT(55.541666666666664, 37.530833333333334)', 4326));
INSERT INTO edges (intersection_from, intersection_to, street_id, geom) VALUES (253, 254, 13, ST_GeomFromText('LINESTRING(55.54555555555555, 37.543055555555554, 55.541666666666664, 37.530833333333334)', 4326));
INSERT INTO points (id, name, geom) VALUES (255, 'Бунинская аллея', ST_GeomFromText('POINT(55.53805555555555, 37.51583333333333)', 4326));
INSERT INTO edges (intersection_from, intersection_to, street_id, geom) VALUES (254, 255, 13, ST_GeomFromText('LINESTRING(55.541666666666664, 37.530833333333334, 55.53805555555555, 37.51583333333333)', 4326));
INSERT INTO streets (id, name) VALUES (14, 'Московское Цетральное кольцо');
INSERT INTO streets (id, name) VALUES (14, 'Московское Цетральное кольцо');
INSERT INTO points (id, name, geom) VALUES (287, 'Стахановская', ST_GeomFromText('POINT(55.727222222222224, 37.75222222222222)', 4326));
INSERT INTO points (id, name, geom) VALUES (289, 'Окская', ST_GeomFromText('POINT(55.718611111111116, 37.78138888888889)', 4326));
INSERT INTO edges (intersection_from, intersection_to, street_id, geom) VALUES (287, 289, 14, ST_GeomFromText('LINESTRING(55.727222222222224, 37.75222222222222, 55.718611111111116, 37.78138888888889)', 4326));
INSERT INTO points (id, name, geom) VALUES (290, 'Юго-Восточная', ST_GeomFromText('POINT(55.70527777777778, 37.81805555555556)', 4326));
INSERT INTO edges (intersection_from, intersection_to, street_id, geom) VALUES (289, 290, 14, ST_GeomFromText('LINESTRING(55.718611111111116, 37.78138888888889, 55.70527777777778, 37.81805555555556)', 4326));
INSERT INTO points (id, name, geom) VALUES (291, 'Косино', ST_GeomFromText('POINT(55.70333333333333, 37.85111111111111)', 4326));
INSERT INTO edges (intersection_from, intersection_to, street_id, geom) VALUES (290, 291, 14, ST_GeomFromText('LINESTRING(55.70527777777778, 37.81805555555556, 55.70333333333333, 37.85111111111111)', 4326));
INSERT INTO points (id, name, geom) VALUES (292, 'Улица Дмитриевского', ST_GeomFromText('POINT(55.71027777777778, 37.88)', 4326));
INSERT INTO edges (intersection_from, intersection_to, street_id, geom) VALUES (291, 292, 14, ST_GeomFromText('LINESTRING(55.70333333333333, 37.85111111111111, 55.71027777777778, 37.88)', 4326));
INSERT INTO points (id, name, geom) VALUES (293, 'Лухмановская', ST_GeomFromText('POINT(55.70861111111111, 37.90083333333333)', 4326));
INSERT INTO edges (intersection_from, intersection_to, street_id, geom) VALUES (292, 293, 14, ST_GeomFromText('LINESTRING(55.71027777777778, 37.88, 55.70861111111111, 37.90083333333333)', 4326));
INSERT INTO points (id, name, geom) VALUES (294, 'Некрасовка', ST_GeomFromText('POINT(55.70277777777778, 37.92833333333333)', 4326));
INSERT INTO edges (intersection_from, intersection_to, street_id, geom) VALUES (293, 294, 14, ST_GeomFromText('LINESTRING(55.70861111111111, 37.90083333333333, 55.70277777777778, 37.92833333333333)', 4326));
INSERT INTO streets (id, name) VALUES (15, 'МЦД-1');
INSERT INTO points (id, name, geom) VALUES (307, 'Савёловская', ST_GeomFromText('POINT(55.79333333333333, 37.58694444444445)', 4326));
INSERT INTO points (id, name, geom) VALUES (308, 'Белорусская', ST_GeomFromText('POINT(55.77638888888889, 37.58444444444444)', 4326));
INSERT INTO edges (intersection_from, intersection_to, street_id, geom) VALUES (307, 308, 15, ST_GeomFromText('LINESTRING(55.79333333333333, 37.58694444444445, 55.77638888888889, 37.58444444444444)', 4326));
INSERT INTO points (id, name, geom) VALUES (309, 'Беговая', ST_GeomFromText('POINT(55.77388888888889, 37.54666666666667)', 4326));
INSERT INTO edges (intersection_from, intersection_to, street_id, geom) VALUES (308, 309, 15, ST_GeomFromText('LINESTRING(55.77638888888889, 37.58444444444444, 55.77388888888889, 37.54666666666667)', 4326));
INSERT INTO points (id, name, geom) VALUES (311, 'Фили', ST_GeomFromText('POINT(55.74611111111111, 37.515)', 4326));
INSERT INTO points (id, name, geom) VALUES (312, 'Славянский бульвар', ST_GeomFromText('POINT(55.72972222222222, 37.470555555555556)', 4326));
INSERT INTO edges (intersection_from, intersection_to, street_id, geom) VALUES (311, 312, 15, ST_GeomFromText('LINESTRING(55.74611111111111, 37.515, 55.72972222222222, 37.470555555555556)', 4326));
INSERT INTO points (id, name, geom) VALUES (313, 'Кунцевская', ST_GeomFromText('POINT(55.72888888888889, 37.44611111111111)', 4326));
INSERT INTO edges (intersection_from, intersection_to, street_id, geom) VALUES (312, 313, 15, ST_GeomFromText('LINESTRING(55.72972222222222, 37.470555555555556, 55.72888888888889, 37.44611111111111)', 4326));
INSERT INTO streets (id, name) VALUES (16, 'МЦД-2');
INSERT INTO points (id, name, geom) VALUES (326, 'Волоколамская', ST_GeomFromText('POINT(55.83527777777778, 37.382222222222225)', 4326));
INSERT INTO points (id, name, geom) VALUES (328, 'Тушинская', ST_GeomFromText('POINT(55.82666666666667, 37.43666666666666)', 4326));
INSERT INTO points (id, name, geom) VALUES (329, 'Щукинская', ST_GeomFromText('POINT(55.808611111111105, 37.46416666666667)', 4326));
INSERT INTO edges (intersection_from, intersection_to, street_id, geom) VALUES (328, 329, 16, ST_GeomFromText('LINESTRING(55.82666666666667, 37.43666666666666, 55.808611111111105, 37.46416666666667)', 4326));
INSERT INTO points (id, name, geom) VALUES (333, 'Дмитровская', ST_GeomFromText('POINT(55.80694444444444, 37.58166666666667)', 4326));
INSERT INTO points (id, name, geom) VALUES (334, 'Марьина Роща', ST_GeomFromText('POINT(55.79833333333333, 37.617222222222225)', 4326));
INSERT INTO edges (intersection_from, intersection_to, street_id, geom) VALUES (333, 334, 16, ST_GeomFromText('LINESTRING(55.80694444444444, 37.58166666666667, 55.79833333333333, 37.617222222222225)', 4326));
INSERT INTO points (id, name, geom) VALUES (335, 'Рижская', ST_GeomFromText('POINT(55.79361111111111, 37.63583333333333)', 4326));
INSERT INTO edges (intersection_from, intersection_to, street_id, geom) VALUES (334, 335, 16, ST_GeomFromText('LINESTRING(55.79833333333333, 37.617222222222225, 55.79361111111111, 37.63583333333333)', 4326));
INSERT INTO points (id, name, geom) VALUES (337, 'Курская', ST_GeomFromText('POINT(55.75694444444444, 37.659444444444446)', 4326));
INSERT INTO points (id, name, geom) VALUES (341, 'Текстильщики', ST_GeomFromText('POINT(55.708333333333336, 37.72833333333333)', 4326));
INSERT INTO points (id, name, geom) VALUES (342, 'Печатники', ST_GeomFromText('POINT(55.69444444444444, 37.727222222222224)', 4326));
INSERT INTO edges (intersection_from, intersection_to, street_id, geom) VALUES (341, 342, 16, ST_GeomFromText('LINESTRING(55.708333333333336, 37.72833333333333, 55.69444444444444, 37.727222222222224)', 4326));
INSERT INTO points (id, name, geom) VALUES (343, 'Люблино', ST_GeomFromText('POINT(55.67583333333333, 37.76166666666666)', 4326));
INSERT INTO edges (intersection_from, intersection_to, street_id, geom) VALUES (342, 343, 16, ST_GeomFromText('LINESTRING(55.69444444444444, 37.727222222222224, 55.67583333333333, 37.76166666666666)', 4326));
INSERT INTO points (id, name, geom) VALUES (348, 'Царицыно', ST_GeomFromText('POINT(55.62138888888889, 37.669444444444444)', 4326));
INSERT INTO streets (id, name) VALUES (17, 'МЦД-3');
INSERT INTO points (id, name, geom) VALUES (365, 'Ховрино', ST_GeomFromText('POINT(55.87888888888889, 37.481388888888894)', 4326));
INSERT INTO points (id, name, geom) VALUES (369, 'Петровско-Разумовская', ST_GeomFromText('POINT(55.835, 37.574444444444445)', 4326));
INSERT INTO points (id, name, geom) VALUES (371, 'Электрозаводская', ST_GeomFromText('POINT(55.780277777777776, 37.70305555555556)', 4326));
INSERT INTO points (id, name, geom) VALUES (373, 'Авиамоторная', ST_GeomFromText('POINT(55.75138888888889, 37.71666666666667)', 4326));
INSERT INTO points (id, name, geom) VALUES (378, 'Выхино', ST_GeomFromText('POINT(55.71555555555556, 37.81805555555556)', 4326));
INSERT INTO points (id, name, geom) VALUES (379, 'Косино', ST_GeomFromText('POINT(55.70333333333333, 37.85111111111111)', 4326));
INSERT INTO edges (intersection_from, intersection_to, street_id, geom) VALUES (378, 379, 17, ST_GeomFromText('LINESTRING(55.71555555555556, 37.81805555555556, 55.70333333333333, 37.85111111111111)', 4326));
INSERT INTO streets (id, name) VALUES (18, 'МЦД-4');
INSERT INTO points (id, name, geom) VALUES (401, 'Новогиреево', ST_GeomFromText('POINT(55.751666666666665, 37.81666666666667)', 4326));
INSERT INTO points (id, name, geom) VALUES (406, 'Курская', ST_GeomFromText('POINT(55.75694444444444, 37.659444444444446)', 4326));
INSERT INTO points (id, name, geom) VALUES (408, 'Марьина Роща', ST_GeomFromText('POINT(55.79833333333333, 37.617222222222225)', 4326));
INSERT INTO points (id, name, geom) VALUES (409, 'Савёловская', ST_GeomFromText('POINT(55.79333333333333, 37.58694444444445)', 4326));
INSERT INTO edges (intersection_from, intersection_to, street_id, geom) VALUES (408, 409, 18, ST_GeomFromText('LINESTRING(55.79833333333333, 37.617222222222225, 55.79333333333333, 37.58694444444445)', 4326));
INSERT INTO points (id, name, geom) VALUES (410, 'Белорусская', ST_GeomFromText('POINT(55.77638888888889, 37.58444444444444)', 4326));
INSERT INTO edges (intersection_from, intersection_to, street_id, geom) VALUES (409, 410, 18, ST_GeomFromText('LINESTRING(55.79333333333333, 37.58694444444445, 55.77638888888889, 37.58444444444444)', 4326));
INSERT INTO points (id, name, geom) VALUES (414, 'Минская', ST_GeomFromText('POINT(55.724722222222226, 37.49666666666667)', 4326));
INSERT INTO points (id, name, geom) VALUES (416, 'Аминьевская', ST_GeomFromText('POINT(55.697222222222216, 37.465)', 4326));
INSERT INTO streets (id, name) VALUES (19, 'МЦД-4A');
INSERT INTO points (id, name, geom) VALUES (430, 'Новопеределкино', ST_GeomFromText('POINT(55.63972222222222, 37.35527777777778)', 4326));
INSERT INTO edges (intersection_from, intersection_to, street_id, geom) VALUES (246, 4, NULL, ST_GeomFromText('LINESTRING(55.79111111111111, 37.678888888888885, 55.79111111111111, 37.678888888888885)', 4326));
INSERT INTO edges (intersection_from, intersection_to, street_id, geom) VALUES (6, 86, NULL, ST_GeomFromText('LINESTRING(55.77472222222222, 37.655, 55.77472222222222, 37.655)', 4326));
INSERT INTO edges (intersection_from, intersection_to, street_id, geom) VALUES (204, 8, NULL, ST_GeomFromText('LINESTRING(55.766666666666666, 37.63916666666667, 55.76583333333333, 37.638888888888886)', 4326));
INSERT INTO edges (intersection_from, intersection_to, street_id, geom) VALUES (8, 107, NULL, ST_GeomFromText('LINESTRING(55.76583333333333, 37.638888888888886, 55.76611111111111, 37.6375)', 4326));
INSERT INTO edges (intersection_from, intersection_to, street_id, geom) VALUES (9, 133, NULL, ST_GeomFromText('LINESTRING(55.75972222222222, 37.62722222222222, 55.760555555555555, 37.62583333333333)', 4326));
INSERT INTO edges (intersection_from, intersection_to, street_id, geom) VALUES (10, 38, NULL, ST_GeomFromText('LINESTRING(55.757777777777775, 37.61666666666667, 55.757777777777775, 37.61888888888889)', 4326));
INSERT INTO edges (intersection_from, intersection_to, street_id, geom) VALUES (11, 178, NULL, ST_GeomFromText('LINESTRING(55.75111111111111, 37.61, 55.75111111111111, 37.60722222222223)', 4326));
INSERT INTO edges (intersection_from, intersection_to, street_id, geom) VALUES (11, 63, NULL, ST_GeomFromText('LINESTRING(55.75111111111111, 37.61, 55.751666666666665, 37.600833333333334)', 4326));
INSERT INTO edges (intersection_from, intersection_to, street_id, geom) VALUES (11, 73, NULL, ST_GeomFromText('LINESTRING(55.75111111111111, 37.61, 55.7525, 37.60888888888889)', 4326));
INSERT INTO edges (intersection_from, intersection_to, street_id, geom) VALUES (13, 92, NULL, ST_GeomFromText('LINESTRING(55.73583333333333, 37.59138888888889, 55.73583333333333, 37.59138888888889)', 4326));
INSERT INTO edges (intersection_from, intersection_to, street_id, geom) VALUES (231, 18, NULL, ST_GeomFromText('LINESTRING(55.67833333333333, 37.50388888888889, 55.67833333333333, 37.50388888888889)', 4326));
INSERT INTO edges (intersection_from, intersection_to, street_id, geom) VALUES (27, 365, NULL, ST_GeomFromText('LINESTRING(55.87888888888889, 37.481388888888894, 55.87888888888889, 37.481388888888894)', 4326));
INSERT INTO edges (intersection_from, intersection_to, street_id, geom) VALUES (219, 34, NULL, ST_GeomFromText('LINESTRING(55.79194444444444, 37.55722222222222, 55.78972222222222, 37.558055555555555)', 4326));
INSERT INTO edges (intersection_from, intersection_to, street_id, geom) VALUES (35, 95, NULL, ST_GeomFromText('LINESTRING(55.77638888888889, 37.58444444444444, 55.77638888888889, 37.58444444444444)', 4326));
INSERT INTO edges (intersection_from, intersection_to, street_id, geom) VALUES (308, 410, NULL, ST_GeomFromText('LINESTRING(55.77638888888889, 37.58444444444444, 55.77638888888889, 37.58444444444444)', 4326));
INSERT INTO edges (intersection_from, intersection_to, street_id, geom) VALUES (95, 410, NULL, ST_GeomFromText('LINESTRING(55.77638888888889, 37.58444444444444, 55.77638888888889, 37.58444444444444)', 4326));
INSERT INTO edges (intersection_from, intersection_to, street_id, geom) VALUES (35, 410, NULL, ST_GeomFromText('LINESTRING(55.77638888888889, 37.58444444444444, 55.77638888888889, 37.58444444444444)', 4326));
INSERT INTO edges (intersection_from, intersection_to, street_id, geom) VALUES (35, 308, NULL, ST_GeomFromText('LINESTRING(55.77638888888889, 37.58444444444444, 55.77638888888889, 37.58444444444444)', 4326));
INSERT INTO edges (intersection_from, intersection_to, street_id, geom) VALUES (95, 308, NULL, ST_GeomFromText('LINESTRING(55.77638888888889, 37.58444444444444, 55.77638888888889, 37.58444444444444)', 4326));
INSERT INTO edges (intersection_from, intersection_to, street_id, geom) VALUES (37, 177, NULL, ST_GeomFromText('LINESTRING(55.764722222222225, 37.60638888888889, 55.764722222222225, 37.60916666666667)', 4326));
INSERT INTO edges (intersection_from, intersection_to, street_id, geom) VALUES (37, 132, NULL, ST_GeomFromText('LINESTRING(55.764722222222225, 37.60638888888889, 55.765, 37.60777777777778)', 4326));
INSERT INTO edges (intersection_from, intersection_to, street_id, geom) VALUES (132, 177, NULL, ST_GeomFromText('LINESTRING(55.765, 37.60777777777778, 55.764722222222225, 37.60916666666667)', 4326));
INSERT INTO edges (intersection_from, intersection_to, street_id, geom) VALUES (38, 64, NULL, ST_GeomFromText('LINESTRING(55.757777777777775, 37.61888888888889, 55.75666666666667, 37.62166666666667)', 4326));
INSERT INTO edges (intersection_from, intersection_to, street_id, geom) VALUES (39, 109, NULL, ST_GeomFromText('LINESTRING(55.74138888888889, 37.629444444444445, 55.74111111111111, 37.6275)', 4326));
INSERT INTO edges (intersection_from, intersection_to, street_id, geom) VALUES (39, 152, NULL, ST_GeomFromText('LINESTRING(55.74138888888889, 37.629444444444445, 55.74111111111111, 37.6275)', 4326));
INSERT INTO edges (intersection_from, intersection_to, street_id, geom) VALUES (109, 152, NULL, ST_GeomFromText('LINESTRING(55.74111111111111, 37.6275, 55.74111111111111, 37.6275)', 4326));
INSERT INTO edges (intersection_from, intersection_to, street_id, geom) VALUES (40, 89, NULL, ST_GeomFromText('LINESTRING(55.73166666666667, 37.63777777777778, 55.73166666666667, 37.63777777777778)', 4326));
INSERT INTO edges (intersection_from, intersection_to, street_id, geom) VALUES (204, 107, NULL, ST_GeomFromText('LINESTRING(55.766666666666666, 37.63916666666667, 55.76611111111111, 37.6375)', 4326));
INSERT INTO edges (intersection_from, intersection_to, street_id, geom) VALUES (237, 44, NULL, ST_GeomFromText('LINESTRING(55.655, 37.64861111111111, 55.655, 37.64861111111111)', 4326));
INSERT INTO edges (intersection_from, intersection_to, street_id, geom) VALUES (46, 348, NULL, ST_GeomFromText('LINESTRING(55.62138888888889, 37.669444444444444, 55.62138888888889, 37.669444444444444)', 4326));
INSERT INTO edges (intersection_from, intersection_to, street_id, geom) VALUES (217, 49, NULL, ST_GeomFromText('LINESTRING(55.612500000000004, 37.74527777777778, 55.61361111111111, 37.74444444444445)', 4326));
INSERT INTO edges (intersection_from, intersection_to, street_id, geom) VALUES (53, 326, NULL, ST_GeomFromText('LINESTRING(55.83527777777778, 37.382222222222225, 55.83527777777778, 37.382222222222225)', 4326));
INSERT INTO edges (intersection_from, intersection_to, street_id, geom) VALUES (58, 85, NULL, ST_GeomFromText('LINESTRING(55.72888888888889, 37.44611111111111, 55.72888888888889, 37.44611111111111)', 4326));
INSERT INTO edges (intersection_from, intersection_to, street_id, geom) VALUES (227, 58, NULL, ST_GeomFromText('LINESTRING(55.72888888888889, 37.44611111111111, 55.72888888888889, 37.44611111111111)', 4326));
INSERT INTO edges (intersection_from, intersection_to, street_id, geom) VALUES (227, 85, NULL, ST_GeomFromText('LINESTRING(55.72888888888889, 37.44611111111111, 55.72888888888889, 37.44611111111111)', 4326));
INSERT INTO edges (intersection_from, intersection_to, street_id, geom) VALUES (227, 313, NULL, ST_GeomFromText('LINESTRING(55.72888888888889, 37.44611111111111, 55.72888888888889, 37.44611111111111)', 4326));
INSERT INTO edges (intersection_from, intersection_to, street_id, geom) VALUES (58, 313, NULL, ST_GeomFromText('LINESTRING(55.72888888888889, 37.44611111111111, 55.72888888888889, 37.44611111111111)', 4326));
INSERT INTO edges (intersection_from, intersection_to, street_id, geom) VALUES (85, 313, NULL, ST_GeomFromText('LINESTRING(55.72888888888889, 37.44611111111111, 55.72888888888889, 37.44611111111111)', 4326));
INSERT INTO edges (intersection_from, intersection_to, street_id, geom) VALUES (59, 312, NULL, ST_GeomFromText('LINESTRING(55.72972222222222, 37.470555555555556, 55.72972222222222, 37.470555555555556)', 4326));
INSERT INTO edges (intersection_from, intersection_to, street_id, geom) VALUES (60, 153, NULL, ST_GeomFromText('LINESTRING(55.736111111111114, 37.51833333333333, 55.736111111111114, 37.51833333333333)', 4326));
INSERT INTO edges (intersection_from, intersection_to, street_id, geom) VALUES (61, 93, NULL, ST_GeomFromText('LINESTRING(55.74472222222222, 37.565555555555555, 55.74472222222222, 37.565555555555555)', 4326));
INSERT INTO edges (intersection_from, intersection_to, street_id, geom) VALUES (61, 76, NULL, ST_GeomFromText('LINESTRING(55.74472222222222, 37.565555555555555, 55.74472222222222, 37.565555555555555)', 4326));
INSERT INTO edges (intersection_from, intersection_to, street_id, geom) VALUES (76, 93, NULL, ST_GeomFromText('LINESTRING(55.74472222222222, 37.565555555555555, 55.74472222222222, 37.565555555555555)', 4326));
INSERT INTO edges (intersection_from, intersection_to, street_id, geom) VALUES (63, 178, NULL, ST_GeomFromText('LINESTRING(55.751666666666665, 37.600833333333334, 55.75111111111111, 37.60722222222223)', 4326));
INSERT INTO edges (intersection_from, intersection_to, street_id, geom) VALUES (63, 73, NULL, ST_GeomFromText('LINESTRING(55.751666666666665, 37.600833333333334, 55.7525, 37.60888888888889)', 4326));
INSERT INTO edges (intersection_from, intersection_to, street_id, geom) VALUES (205, 65, NULL, ST_GeomFromText('LINESTRING(55.756388888888885, 37.657222222222224, 55.75694444444444, 37.659444444444446)', 4326));
INSERT INTO edges (intersection_from, intersection_to, street_id, geom) VALUES (205, 87, NULL, ST_GeomFromText('LINESTRING(55.756388888888885, 37.657222222222224, 55.75694444444444, 37.659444444444446)', 4326));
INSERT INTO edges (intersection_from, intersection_to, street_id, geom) VALUES (65, 87, NULL, ST_GeomFromText('LINESTRING(55.75694444444444, 37.659444444444446, 55.75694444444444, 37.659444444444446)', 4326));
INSERT INTO edges (intersection_from, intersection_to, street_id, geom) VALUES (65, 337, NULL, ST_GeomFromText('LINESTRING(55.75694444444444, 37.659444444444446, 55.75694444444444, 37.659444444444446)', 4326));
INSERT INTO edges (intersection_from, intersection_to, street_id, geom) VALUES (65, 406, NULL, ST_GeomFromText('LINESTRING(55.75694444444444, 37.659444444444446, 55.75694444444444, 37.659444444444446)', 4326));
INSERT INTO edges (intersection_from, intersection_to, street_id, geom) VALUES (87, 406, NULL, ST_GeomFromText('LINESTRING(55.75694444444444, 37.659444444444446, 55.75694444444444, 37.659444444444446)', 4326));
INSERT INTO edges (intersection_from, intersection_to, street_id, geom) VALUES (87, 337, NULL, ST_GeomFromText('LINESTRING(55.75694444444444, 37.659444444444446, 55.75694444444444, 37.659444444444446)', 4326));
INSERT INTO edges (intersection_from, intersection_to, street_id, geom) VALUES (337, 406, NULL, ST_GeomFromText('LINESTRING(55.75694444444444, 37.659444444444446, 55.75694444444444, 37.659444444444446)', 4326));
INSERT INTO edges (intersection_from, intersection_to, street_id, geom) VALUES (245, 67, NULL, ST_GeomFromText('LINESTRING(55.780277777777776, 37.70305555555556, 55.780277777777776, 37.70305555555556)', 4326));
INSERT INTO edges (intersection_from, intersection_to, street_id, geom) VALUES (67, 371, NULL, ST_GeomFromText('LINESTRING(55.780277777777776, 37.70305555555556, 55.780277777777776, 37.70305555555556)', 4326));
INSERT INTO edges (intersection_from, intersection_to, street_id, geom) VALUES (245, 371, NULL, ST_GeomFromText('LINESTRING(55.780277777777776, 37.70305555555556, 55.780277777777776, 37.70305555555556)', 4326));
INSERT INTO edges (intersection_from, intersection_to, street_id, geom) VALUES (81, 311, NULL, ST_GeomFromText('LINESTRING(55.74611111111111, 37.515, 55.74611111111111, 37.515)', 4326));
INSERT INTO edges (intersection_from, intersection_to, street_id, geom) VALUES (247, 104, NULL, ST_GeomFromText('LINESTRING(55.79361111111111, 37.63583333333333, 55.79361111111111, 37.63583333333333)', 4326));
INSERT INTO edges (intersection_from, intersection_to, street_id, geom) VALUES (247, 335, NULL, ST_GeomFromText('LINESTRING(55.79361111111111, 37.63583333333333, 55.79361111111111, 37.63583333333333)', 4326));
INSERT INTO edges (intersection_from, intersection_to, street_id, geom) VALUES (104, 335, NULL, ST_GeomFromText('LINESTRING(55.79361111111111, 37.63583333333333, 55.79361111111111, 37.63583333333333)', 4326));
INSERT INTO edges (intersection_from, intersection_to, street_id, geom) VALUES (108, 134, NULL, ST_GeomFromText('LINESTRING(55.75527777777778, 37.63333333333333, 55.75527777777778, 37.63333333333333)', 4326));
INSERT INTO edges (intersection_from, intersection_to, street_id, geom) VALUES (91, 110, NULL, ST_GeomFromText('LINESTRING(55.730555555555554, 37.611111111111114, 55.730555555555554, 37.611111111111114)', 4326));
INSERT INTO edges (intersection_from, intersection_to, street_id, geom) VALUES (233, 116, NULL, ST_GeomFromText('LINESTRING(55.65888888888889, 37.53916666666667, 55.657222222222224, 37.54055555555556)', 4326));
INSERT INTO edges (intersection_from, intersection_to, street_id, geom) VALUES (249, 121, NULL, ST_GeomFromText('LINESTRING(55.60027777777778, 37.55611111111111, 55.60111111111111, 37.55416666666667)', 4326));
INSERT INTO edges (intersection_from, intersection_to, street_id, geom) VALUES (124, 328, NULL, ST_GeomFromText('LINESTRING(55.82666666666667, 37.43666666666666, 55.82666666666667, 37.43666666666666)', 4326));
INSERT INTO edges (intersection_from, intersection_to, street_id, geom) VALUES (126, 329, NULL, ST_GeomFromText('LINESTRING(55.808611111111105, 37.46416666666667, 55.808611111111105, 37.46416666666667)', 4326));
INSERT INTO edges (intersection_from, intersection_to, street_id, geom) VALUES (173, 333, NULL, ST_GeomFromText('LINESTRING(55.80694444444444, 37.58166666666667, 55.80694444444444, 37.58166666666667)', 4326));
INSERT INTO edges (intersection_from, intersection_to, street_id, geom) VALUES (334, 408, NULL, ST_GeomFromText('LINESTRING(55.79833333333333, 37.617222222222225, 55.79833333333333, 37.617222222222225)', 4326));
INSERT INTO edges (intersection_from, intersection_to, street_id, geom) VALUES (201, 248, NULL, ST_GeomFromText('LINESTRING(55.79833333333333, 37.617222222222225, 55.79833333333333, 37.617222222222225)', 4326));
INSERT INTO edges (intersection_from, intersection_to, street_id, geom) VALUES (201, 334, NULL, ST_GeomFromText('LINESTRING(55.79833333333333, 37.617222222222225, 55.79833333333333, 37.617222222222225)', 4326));
INSERT INTO edges (intersection_from, intersection_to, street_id, geom) VALUES (248, 334, NULL, ST_GeomFromText('LINESTRING(55.79833333333333, 37.617222222222225, 55.79833333333333, 37.617222222222225)', 4326));
INSERT INTO edges (intersection_from, intersection_to, street_id, geom) VALUES (201, 408, NULL, ST_GeomFromText('LINESTRING(55.79833333333333, 37.617222222222225, 55.79833333333333, 37.617222222222225)', 4326));
INSERT INTO edges (intersection_from, intersection_to, street_id, geom) VALUES (248, 408, NULL, ST_GeomFromText('LINESTRING(55.79833333333333, 37.617222222222225, 55.79833333333333, 37.617222222222225)', 4326));
INSERT INTO edges (intersection_from, intersection_to, street_id, geom) VALUES (221, 128, NULL, ST_GeomFromText('LINESTRING(55.776666666666664, 37.51916666666666, 55.777499999999996, 37.51916666666666)', 4326));
INSERT INTO edges (intersection_from, intersection_to, street_id, geom) VALUES (129, 309, NULL, ST_GeomFromText('LINESTRING(55.77388888888889, 37.54666666666667, 55.77388888888889, 37.54666666666667)', 4326));
INSERT INTO edges (intersection_from, intersection_to, street_id, geom) VALUES (94, 131, NULL, ST_GeomFromText('LINESTRING(55.76138888888889, 37.5775, 55.76111111111111, 37.57944444444445)', 4326));
INSERT INTO edges (intersection_from, intersection_to, street_id, geom) VALUES (88, 135, NULL, ST_GeomFromText('LINESTRING(55.74027777777778, 37.65222222222222, 55.74027777777778, 37.65222222222222)', 4326));
INSERT INTO edges (intersection_from, intersection_to, street_id, geom) VALUES (88, 151, NULL, ST_GeomFromText('LINESTRING(55.74027777777778, 37.65222222222222, 55.74111111111111, 37.65416666666667)', 4326));
INSERT INTO edges (intersection_from, intersection_to, street_id, geom) VALUES (135, 151, NULL, ST_GeomFromText('LINESTRING(55.74027777777778, 37.65222222222222, 55.74111111111111, 37.65416666666667)', 4326));
INSERT INTO edges (intersection_from, intersection_to, street_id, geom) VALUES (207, 136, NULL, ST_GeomFromText('LINESTRING(55.73305555555556, 37.66722222222222, 55.731944444444444, 37.66583333333333)', 4326));
INSERT INTO edges (intersection_from, intersection_to, street_id, geom) VALUES (138, 341, NULL, ST_GeomFromText('LINESTRING(55.708333333333336, 37.72833333333333, 55.708333333333336, 37.72833333333333)', 4326));
INSERT INTO edges (intersection_from, intersection_to, street_id, geom) VALUES (241, 138, NULL, ST_GeomFromText('LINESTRING(55.708333333333336, 37.72833333333333, 55.708333333333336, 37.72833333333333)', 4326));
INSERT INTO edges (intersection_from, intersection_to, street_id, geom) VALUES (241, 341, NULL, ST_GeomFromText('LINESTRING(55.708333333333336, 37.72833333333333, 55.708333333333336, 37.72833333333333)', 4326));
INSERT INTO edges (intersection_from, intersection_to, street_id, geom) VALUES (141, 378, NULL, ST_GeomFromText('LINESTRING(55.71555555555556, 37.81805555555556, 55.71555555555556, 37.81805555555556)', 4326));
INSERT INTO edges (intersection_from, intersection_to, street_id, geom) VALUES (291, 142, NULL, ST_GeomFromText('LINESTRING(55.70333333333333, 37.85111111111111, 55.70138888888889, 37.8525)', 4326));
INSERT INTO edges (intersection_from, intersection_to, street_id, geom) VALUES (142, 379, NULL, ST_GeomFromText('LINESTRING(55.70138888888889, 37.8525, 55.70333333333333, 37.85111111111111)', 4326));
INSERT INTO edges (intersection_from, intersection_to, street_id, geom) VALUES (291, 379, NULL, ST_GeomFromText('LINESTRING(55.70333333333333, 37.85111111111111, 55.70333333333333, 37.85111111111111)', 4326));
INSERT INTO edges (intersection_from, intersection_to, street_id, geom) VALUES (146, 401, NULL, ST_GeomFromText('LINESTRING(55.751666666666665, 37.81666666666667, 55.751666666666665, 37.81666666666667)', 4326));
INSERT INTO edges (intersection_from, intersection_to, street_id, geom) VALUES (243, 149, NULL, ST_GeomFromText('LINESTRING(55.75138888888889, 37.71666666666667, 55.75138888888889, 37.71666666666667)', 4326));
INSERT INTO edges (intersection_from, intersection_to, street_id, geom) VALUES (243, 373, NULL, ST_GeomFromText('LINESTRING(55.75138888888889, 37.71666666666667, 55.75138888888889, 37.71666666666667)', 4326));
INSERT INTO edges (intersection_from, intersection_to, street_id, geom) VALUES (149, 373, NULL, ST_GeomFromText('LINESTRING(55.75138888888889, 37.71666666666667, 55.75138888888889, 37.71666666666667)', 4326));
INSERT INTO edges (intersection_from, intersection_to, street_id, geom) VALUES (206, 150, NULL, ST_GeomFromText('LINESTRING(55.74638888888889, 37.68194444444444, 55.74722222222222, 37.6825)', 4326));
INSERT INTO edges (intersection_from, intersection_to, street_id, geom) VALUES (155, 414, NULL, ST_GeomFromText('LINESTRING(55.724722222222226, 37.49666666666667, 55.724722222222226, 37.49666666666667)', 4326));
INSERT INTO edges (intersection_from, intersection_to, street_id, geom) VALUES (230, 158, NULL, ST_GeomFromText('LINESTRING(55.68833333333333, 37.48527777777778, 55.68833333333333, 37.48527777777778)', 4326));
INSERT INTO edges (intersection_from, intersection_to, street_id, geom) VALUES (198, 171, NULL, ST_GeomFromText('LINESTRING(55.835, 37.574444444444445, 55.835, 37.574444444444445)', 4326));
INSERT INTO edges (intersection_from, intersection_to, street_id, geom) VALUES (198, 369, NULL, ST_GeomFromText('LINESTRING(55.835, 37.574444444444445, 55.835, 37.574444444444445)', 4326));
INSERT INTO edges (intersection_from, intersection_to, street_id, geom) VALUES (171, 369, NULL, ST_GeomFromText('LINESTRING(55.835, 37.574444444444445, 55.835, 37.574444444444445)', 4326));
INSERT INTO edges (intersection_from, intersection_to, street_id, geom) VALUES (174, 409, NULL, ST_GeomFromText('LINESTRING(55.79333333333333, 37.58694444444445, 55.79333333333333, 37.58694444444445)', 4326));
INSERT INTO edges (intersection_from, intersection_to, street_id, geom) VALUES (218, 409, NULL, ST_GeomFromText('LINESTRING(55.79333333333333, 37.58694444444445, 55.79333333333333, 37.58694444444445)', 4326));
INSERT INTO edges (intersection_from, intersection_to, street_id, geom) VALUES (218, 174, NULL, ST_GeomFromText('LINESTRING(55.79333333333333, 37.58694444444445, 55.79333333333333, 37.58694444444445)', 4326));
INSERT INTO edges (intersection_from, intersection_to, street_id, geom) VALUES (218, 307, NULL, ST_GeomFromText('LINESTRING(55.79333333333333, 37.58694444444445, 55.79333333333333, 37.58694444444445)', 4326));
INSERT INTO edges (intersection_from, intersection_to, street_id, geom) VALUES (174, 307, NULL, ST_GeomFromText('LINESTRING(55.79333333333333, 37.58694444444445, 55.79333333333333, 37.58694444444445)', 4326));
INSERT INTO edges (intersection_from, intersection_to, street_id, geom) VALUES (307, 409, NULL, ST_GeomFromText('LINESTRING(55.79333333333333, 37.58694444444445, 55.79333333333333, 37.58694444444445)', 4326));
INSERT INTO edges (intersection_from, intersection_to, street_id, geom) VALUES (96, 175, NULL, ST_GeomFromText('LINESTRING(55.78, 37.60277777777778, 55.78111111111111, 37.60111111111111)', 4326));
INSERT INTO edges (intersection_from, intersection_to, street_id, geom) VALUES (203, 176, NULL, ST_GeomFromText('LINESTRING(55.76888888888889, 37.62, 55.770833333333336, 37.618611111111115)', 4326));
INSERT INTO edges (intersection_from, intersection_to, street_id, geom) VALUES (90, 180, NULL, ST_GeomFromText('LINESTRING(55.72916666666667, 37.62416666666667, 55.72805555555556, 37.624722222222225)', 4326));
INSERT INTO edges (intersection_from, intersection_to, street_id, geom) VALUES (235, 185, NULL, ST_GeomFromText('LINESTRING(55.653055555555554, 37.598333333333336, 55.652499999999996, 37.598333333333336)', 4326));
INSERT INTO edges (intersection_from, intersection_to, street_id, geom) VALUES (251, 191, NULL, ST_GeomFromText('LINESTRING(55.56888888888889, 37.57666666666667, 55.56916666666667, 37.57694444444445)', 4326));
INSERT INTO edges (intersection_from, intersection_to, street_id, geom) VALUES (210, 240, NULL, ST_GeomFromText('LINESTRING(55.69444444444444, 37.727222222222224, 55.69444444444444, 37.727222222222224)', 4326));
INSERT INTO edges (intersection_from, intersection_to, street_id, geom) VALUES (210, 342, NULL, ST_GeomFromText('LINESTRING(55.69444444444444, 37.727222222222224, 55.69444444444444, 37.727222222222224)', 4326));
INSERT INTO edges (intersection_from, intersection_to, street_id, geom) VALUES (240, 342, NULL, ST_GeomFromText('LINESTRING(55.69444444444444, 37.727222222222224, 55.69444444444444, 37.727222222222224)', 4326));
INSERT INTO edges (intersection_from, intersection_to, street_id, geom) VALUES (229, 416, NULL, ST_GeomFromText('LINESTRING(55.697222222222216, 37.465, 55.697222222222216, 37.465)', 4326));
INSERT INTO edges (intersection_from, intersection_to, street_id, geom) VALUES (97, 105, NULL, ST_GeomFromText('LINESTRING(55.78111111111111, 37.63166666666667, 55.78111111111111, 37.63166666666667)', 4326));